,file_value_range,measurement,file_name,num_bats,groupsize,video_annot_id,annotation_end_time,posix_end_time
0,0.9499999999999886,dominant_frequencies,matching_annotaudio_Aditya_2018-08-16_21502300_100_hp.WAV,1,single,Aditya_2018-08-16_21502300_100,,
1,0.8700000000000045,dominant_frequencies,matching_annotaudio_Aditya_2018-08-16_21502300_101_hp.WAV,1,single,Aditya_2018-08-16_21502300_101,,
2,0.020000000000010232,dominant_frequencies,matching_annotaudio_Aditya_2018-08-16_21502300_102_hp.WAV,1,single,Aditya_2018-08-16_21502300_102,,
3,1.769999999999996,dominant_frequencies,matching_annotaudio_Aditya_2018-08-16_21502300_104_hp.WAV,1,single,Aditya_2018-08-16_21502300_104,,
4,2.489999999999995,dominant_frequencies,matching_annotaudio_Aditya_2018-08-16_21502300_108_hp.WAV,2,multiple,Aditya_2018-08-16_21502300_108,,
5,0.9000000000000057,dominant_frequencies,matching_annotaudio_Aditya_2018-08-16_21502300_110_hp.WAV,1,single,Aditya_2018-08-16_21502300_110,,
6,0.20000000000000284,dominant_frequencies,matching_annotaudio_Aditya_2018-08-16_21502300_111_hp.WAV,1,single,Aditya_2018-08-16_21502300_111,,
7,0.5799999999999983,dominant_frequencies,matching_annotaudio_Aditya_2018-08-16_21502300_18_hp.WAV,1,single,Aditya_2018-08-16_21502300_18,,
8,0.8999999999999915,dominant_frequencies,matching_annotaudio_Aditya_2018-08-16_21502300_20_hp.WAV,1,single,Aditya_2018-08-16_21502300_20,,
9,1.1999999999999886,dominant_frequencies,matching_annotaudio_Aditya_2018-08-16_21502300_22_hp.WAV,1,single,Aditya_2018-08-16_21502300_22,,
10,1.0100000000000051,dominant_frequencies,matching_annotaudio_Aditya_2018-08-16_21502300_24_hp.WAV,1,single,Aditya_2018-08-16_21502300_24,,
11,1.019999999999996,dominant_frequencies,matching_annotaudio_Aditya_2018-08-16_21502300_25_hp.WAV,1,single,Aditya_2018-08-16_21502300_25,,
12,0.4099999999999966,dominant_frequencies,matching_annotaudio_Aditya_2018-08-16_21502300_28_hp.WAV,1,single,Aditya_2018-08-16_21502300_28,,
13,0.9699999999999989,dominant_frequencies,matching_annotaudio_Aditya_2018-08-16_21502300_30_hp.WAV,1,single,Aditya_2018-08-16_21502300_30,,
14,1.519999999999996,dominant_frequencies,matching_annotaudio_Aditya_2018-08-16_21502300_32_hp.WAV,1,single,Aditya_2018-08-16_21502300_32,,
15,0.9200000000000017,dominant_frequencies,matching_annotaudio_Aditya_2018-08-16_21502300_33_hp.WAV,1,single,Aditya_2018-08-16_21502300_33,,
16,5.9199999999999875,dominant_frequencies,matching_annotaudio_Aditya_2018-08-16_21502300_37_hp.WAV,2,multiple,Aditya_2018-08-16_21502300_37,,
17,5.719999999999999,dominant_frequencies,matching_annotaudio_Aditya_2018-08-16_21502300_39_hp.WAV,2,multiple,Aditya_2018-08-16_21502300_39,,
18,4.180000000000007,dominant_frequencies,matching_annotaudio_Aditya_2018-08-16_21502300_43_hp.WAV,2,multiple,Aditya_2018-08-16_21502300_43,,
19,5.280000000000001,dominant_frequencies,matching_annotaudio_Aditya_2018-08-16_21502300_46_hp.WAV,2,multiple,Aditya_2018-08-16_21502300_46,,
20,5.170000000000002,dominant_frequencies,matching_annotaudio_Aditya_2018-08-16_21502300_47_hp.WAV,2,multiple,Aditya_2018-08-16_21502300_47,,
21,4.539999999999992,dominant_frequencies,matching_annotaudio_Aditya_2018-08-16_21502300_49_hp.WAV,2,multiple,Aditya_2018-08-16_21502300_49,,
22,1.8900000000000006,dominant_frequencies,matching_annotaudio_Aditya_2018-08-16_21502300_51_hp.WAV,1,single,Aditya_2018-08-16_21502300_51,,
23,,dominant_frequencies,matching_annotaudio_Aditya_2018-08-16_21502300_52_hp.WAV,1,single,Aditya_2018-08-16_21502300_52,,
24,1.6400000000000006,dominant_frequencies,matching_annotaudio_Aditya_2018-08-16_21502300_62_hp.WAV,1,single,Aditya_2018-08-16_21502300_62,,
25,0.1600000000000108,dominant_frequencies,matching_annotaudio_Aditya_2018-08-16_21502300_66_hp.WAV,1,single,Aditya_2018-08-16_21502300_66,,
26,1.9399999999999977,dominant_frequencies,matching_annotaudio_Aditya_2018-08-16_21502300_69_hp.WAV,1,single,Aditya_2018-08-16_21502300_69,,
27,1.769999999999996,dominant_frequencies,matching_annotaudio_Aditya_2018-08-16_21502300_70_hp.WAV,1,single,Aditya_2018-08-16_21502300_70,,
28,2.280000000000001,dominant_frequencies,matching_annotaudio_Aditya_2018-08-16_21502300_73_hp.WAV,1,single,Aditya_2018-08-16_21502300_73,,
29,1.4200000000000017,dominant_frequencies,matching_annotaudio_Aditya_2018-08-16_21502300_74_hp.WAV,1,single,Aditya_2018-08-16_21502300_74,,
30,1.3199999999999932,dominant_frequencies,matching_annotaudio_Aditya_2018-08-16_21502300_98_hp.WAV,1,single,Aditya_2018-08-16_21502300_98,,
31,,dominant_frequencies,matching_annotaudio_Aditya_2018-08-16_2324_10_hp.WAV,1,single,Aditya_2018-08-16_2324_10,,
32,2.3400000000000034,dominant_frequencies,matching_annotaudio_Aditya_2018-08-16_2324_117_hp.WAV,1,single,Aditya_2018-08-16_2324_117,,
33,1.3200000000000074,dominant_frequencies,matching_annotaudio_Aditya_2018-08-16_2324_128_hp.WAV,1,single,Aditya_2018-08-16_2324_128,,
34,1.0900000000000034,dominant_frequencies,matching_annotaudio_Aditya_2018-08-16_2324_143_hp.WAV,1,single,Aditya_2018-08-16_2324_143,,
35,,dominant_frequencies,matching_annotaudio_Aditya_2018-08-16_2324_14_hp.WAV,1,single,Aditya_2018-08-16_2324_14,,
36,1.1200000000000045,dominant_frequencies,matching_annotaudio_Aditya_2018-08-16_2324_154_hp.WAV,1,single,Aditya_2018-08-16_2324_154,,
37,1.240000000000009,dominant_frequencies,matching_annotaudio_Aditya_2018-08-16_2324_156_hp.WAV,1,single,Aditya_2018-08-16_2324_156,,
38,0.7199999999999989,dominant_frequencies,matching_annotaudio_Aditya_2018-08-16_2324_159_hp.WAV,1,single,Aditya_2018-08-16_2324_159,,
39,0.3299999999999983,dominant_frequencies,matching_annotaudio_Aditya_2018-08-16_2324_15_hp.WAV,1,single,Aditya_2018-08-16_2324_15,,
40,0.25,dominant_frequencies,matching_annotaudio_Aditya_2018-08-16_2324_169_hp.WAV,2,multiple,Aditya_2018-08-16_2324_169,,
41,0.7199999999999989,dominant_frequencies,matching_annotaudio_Aditya_2018-08-16_2324_179_hp.WAV,1,single,Aditya_2018-08-16_2324_179,,
42,1.3599999999999994,dominant_frequencies,matching_annotaudio_Aditya_2018-08-16_2324_180_hp.WAV,1,single,Aditya_2018-08-16_2324_180,,
43,1.4000000000000057,dominant_frequencies,matching_annotaudio_Aditya_2018-08-16_2324_181_hp.WAV,1,single,Aditya_2018-08-16_2324_181,,
44,4.560000000000002,dominant_frequencies,matching_annotaudio_Aditya_2018-08-16_2324_182_hp.WAV,2,multiple,Aditya_2018-08-16_2324_182,,
45,5.719999999999999,dominant_frequencies,matching_annotaudio_Aditya_2018-08-16_2324_18_hp.WAV,2,multiple,Aditya_2018-08-16_2324_18,,
46,0.6799999999999926,dominant_frequencies,matching_annotaudio_Aditya_2018-08-16_2324_196_hp.WAV,1,single,Aditya_2018-08-16_2324_196,,
47,0.5,dominant_frequencies,matching_annotaudio_Aditya_2018-08-16_2324_197_hp.WAV,1,single,Aditya_2018-08-16_2324_197,,
48,1.25,dominant_frequencies,matching_annotaudio_Aditya_2018-08-16_2324_198_hp.WAV,1,single,Aditya_2018-08-16_2324_198,,
49,0.4200000000000017,dominant_frequencies,matching_annotaudio_Aditya_2018-08-16_2324_199_hp.WAV,1,single,Aditya_2018-08-16_2324_199,,
50,0.7599999999999909,dominant_frequencies,matching_annotaudio_Aditya_2018-08-16_2324_202_hp.WAV,1,single,Aditya_2018-08-16_2324_202,,
51,1.0,dominant_frequencies,matching_annotaudio_Aditya_2018-08-16_2324_204_hp.WAV,1,single,Aditya_2018-08-16_2324_204,,
52,2.0600000000000023,dominant_frequencies,matching_annotaudio_Aditya_2018-08-16_2324_207_hp.WAV,2,multiple,Aditya_2018-08-16_2324_207,,
53,5.579999999999998,dominant_frequencies,matching_annotaudio_Aditya_2018-08-16_2324_20_hp.WAV,2,multiple,Aditya_2018-08-16_2324_20,,
54,2.700000000000003,dominant_frequencies,matching_annotaudio_Aditya_2018-08-16_2324_211_hp.WAV,1,single,Aditya_2018-08-16_2324_211,,
55,3.1200000000000045,dominant_frequencies,matching_annotaudio_Aditya_2018-08-16_2324_216_hp.WAV,2,multiple,Aditya_2018-08-16_2324_216,,
56,3.200000000000003,dominant_frequencies,matching_annotaudio_Aditya_2018-08-16_2324_217_hp.WAV,2,multiple,Aditya_2018-08-16_2324_217,,
57,4.409999999999997,dominant_frequencies,matching_annotaudio_Aditya_2018-08-16_2324_218_hp.WAV,3,multiple,Aditya_2018-08-16_2324_218,,
58,4.159999999999997,dominant_frequencies,matching_annotaudio_Aditya_2018-08-16_2324_223_hp.WAV,2,multiple,Aditya_2018-08-16_2324_223,,
59,1.1999999999999886,dominant_frequencies,matching_annotaudio_Aditya_2018-08-16_2324_229_hp.WAV,2,multiple,Aditya_2018-08-16_2324_229,,
60,5.700000000000003,dominant_frequencies,matching_annotaudio_Aditya_2018-08-16_2324_22_hp.WAV,2,multiple,Aditya_2018-08-16_2324_22,,
61,0.35999999999999943,dominant_frequencies,matching_annotaudio_Aditya_2018-08-16_2324_235_hp.WAV,1,single,Aditya_2018-08-16_2324_235,,
62,1.5999999999999943,dominant_frequencies,matching_annotaudio_Aditya_2018-08-16_2324_236_hp.WAV,1,single,Aditya_2018-08-16_2324_236,,
63,5.319999999999993,dominant_frequencies,matching_annotaudio_Aditya_2018-08-16_2324_23_hp.WAV,2,multiple,Aditya_2018-08-16_2324_23,,
64,1.2000000000000028,dominant_frequencies,matching_annotaudio_Aditya_2018-08-16_2324_248_hp.WAV,1,single,Aditya_2018-08-16_2324_248,,
65,,dominant_frequencies,matching_annotaudio_Aditya_2018-08-16_2324_250_hp.WAV,1,single,Aditya_2018-08-16_2324_250,,
66,,dominant_frequencies,matching_annotaudio_Aditya_2018-08-16_2324_252_hp.WAV,1,single,Aditya_2018-08-16_2324_252,,
67,,dominant_frequencies,matching_annotaudio_Aditya_2018-08-16_2324_254_hp.WAV,1,single,Aditya_2018-08-16_2324_254,,
68,0.8199999999999932,dominant_frequencies,matching_annotaudio_Aditya_2018-08-16_2324_255_hp.WAV,1,single,Aditya_2018-08-16_2324_255,,
69,0.4299999999999926,dominant_frequencies,matching_annotaudio_Aditya_2018-08-16_2324_256_hp.WAV,1,single,Aditya_2018-08-16_2324_256,,
70,0.8799999999999955,dominant_frequencies,matching_annotaudio_Aditya_2018-08-16_2324_257_hp.WAV,1,single,Aditya_2018-08-16_2324_257,,
71,0.8599999999999994,dominant_frequencies,matching_annotaudio_Aditya_2018-08-16_2324_260_hp.WAV,1,single,Aditya_2018-08-16_2324_260,,
72,4.97999999999999,dominant_frequencies,matching_annotaudio_Aditya_2018-08-16_2324_26_hp.WAV,2,multiple,Aditya_2018-08-16_2324_26,,
73,0.21000000000000796,dominant_frequencies,matching_annotaudio_Aditya_2018-08-16_2324_280_hp.WAV,1,single,Aditya_2018-08-16_2324_280,,
74,,dominant_frequencies,matching_annotaudio_Aditya_2018-08-16_2324_285_hp.WAV,1,single,Aditya_2018-08-16_2324_285,,
75,0.3500000000000085,dominant_frequencies,matching_annotaudio_Aditya_2018-08-16_2324_287_hp.WAV,1,single,Aditya_2018-08-16_2324_287,,
76,4.459999999999994,dominant_frequencies,matching_annotaudio_Aditya_2018-08-16_2324_28_hp.WAV,2,multiple,Aditya_2018-08-16_2324_28,,
77,0.14999999999999147,dominant_frequencies,matching_annotaudio_Aditya_2018-08-16_2324_29_hp.WAV,1,single,Aditya_2018-08-16_2324_29,,
78,2.1000000000000085,dominant_frequencies,matching_annotaudio_Aditya_2018-08-16_2324_30_hp.WAV,1,single,Aditya_2018-08-16_2324_30,,
79,3.0,dominant_frequencies,matching_annotaudio_Aditya_2018-08-16_2324_31_hp.WAV,2,multiple,Aditya_2018-08-16_2324_31,,
80,0.7000000000000028,dominant_frequencies,matching_annotaudio_Aditya_2018-08-16_2324_41_hp.WAV,2,multiple,Aditya_2018-08-16_2324_41,,
81,5.409999999999997,dominant_frequencies,matching_annotaudio_Aditya_2018-08-16_2324_49_hp.WAV,3,multiple,Aditya_2018-08-16_2324_49,,
82,0.7400000000000091,dominant_frequencies,matching_annotaudio_Aditya_2018-08-16_2324_52_hp.WAV,2,multiple,Aditya_2018-08-16_2324_52,,
83,3.1299999999999955,dominant_frequencies,matching_annotaudio_Aditya_2018-08-16_2324_59_hp.WAV,3,multiple,Aditya_2018-08-16_2324_59,,
84,0.8199999999999932,dominant_frequencies,matching_annotaudio_Aditya_2018-08-16_2324_61_hp.WAV,1,single,Aditya_2018-08-16_2324_61,,
85,0.29999999999999716,dominant_frequencies,matching_annotaudio_Aditya_2018-08-16_2324_68_hp.WAV,1,single,Aditya_2018-08-16_2324_68,,
86,2.1400000000000006,dominant_frequencies,matching_annotaudio_Aditya_2018-08-16_2324_69_hp.WAV,1,single,Aditya_2018-08-16_2324_69,,
87,2.549999999999997,dominant_frequencies,matching_annotaudio_Aditya_2018-08-16_2324_7_hp.WAV,2,multiple,Aditya_2018-08-16_2324_7,,
88,2.280000000000001,dominant_frequencies,matching_annotaudio_Aditya_2018-08-16_2324_80_hp.WAV,1,single,Aditya_2018-08-16_2324_80,,
89,,dominant_frequencies,matching_annotaudio_Aditya_2018-08-16_2324_84_hp.WAV,1,single,Aditya_2018-08-16_2324_84,,
90,1.4200000000000017,dominant_frequencies,matching_annotaudio_Aditya_2018-08-16_2324_85_hp.WAV,1,single,Aditya_2018-08-16_2324_85,,
91,2.3200000000000074,dominant_frequencies,matching_annotaudio_Aditya_2018-08-16_2324_86_hp.WAV,1,single,Aditya_2018-08-16_2324_86,,
92,1.9399999999999977,dominant_frequencies,matching_annotaudio_Aditya_2018-08-16_2324_88_hp.WAV,1,single,Aditya_2018-08-16_2324_88,,
93,1.9000000000000057,dominant_frequencies,matching_annotaudio_Aditya_2018-08-16_2324_90_hp.WAV,1,single,Aditya_2018-08-16_2324_90,,
94,2.200000000000003,dominant_frequencies,matching_annotaudio_Aditya_2018-08-16_2324_91_hp.WAV,1,single,Aditya_2018-08-16_2324_91,,
95,1.0300000000000011,dominant_frequencies,matching_annotaudio_Aditya_2018-08-16_2324_92_hp.WAV,1,single,Aditya_2018-08-16_2324_92,,
96,0.8199999999999932,dominant_frequencies,matching_annotaudio_Aditya_2018-08-16_2324_94_hp.WAV,1,single,Aditya_2018-08-16_2324_94,,
97,0.4899999999999949,dominant_frequencies,matching_annotaudio_Aditya_2018-08-16_2324_95_hp.WAV,1,single,Aditya_2018-08-16_2324_95,,
98,0.20000000000000284,dominant_frequencies,matching_annotaudio_Aditya_2018-08-17_01_10_hp.WAV,1,single,Aditya_2018-08-17_01_10,,
99,0.06999999999999318,dominant_frequencies,matching_annotaudio_Aditya_2018-08-17_01_13_hp.WAV,1,single,Aditya_2018-08-17_01_13,,
100,0.06999999999999318,dominant_frequencies,matching_annotaudio_Aditya_2018-08-17_01_14_hp.WAV,1,single,Aditya_2018-08-17_01_14,,
101,0.39000000000000057,dominant_frequencies,matching_annotaudio_Aditya_2018-08-17_01_16_hp.WAV,1,single,Aditya_2018-08-17_01_16,,
102,2.019999999999996,dominant_frequencies,matching_annotaudio_Aditya_2018-08-17_01_24_hp.WAV,2,multiple,Aditya_2018-08-17_01_24,,
103,5.400000000000006,dominant_frequencies,matching_annotaudio_Aditya_2018-08-17_01_28_hp.WAV,4,multiple,Aditya_2018-08-17_01_28,,
104,1.8900000000000006,dominant_frequencies,matching_annotaudio_Aditya_2018-08-17_01_29_hp.WAV,3,multiple,Aditya_2018-08-17_01_29,,
105,0.1799999999999926,dominant_frequencies,matching_annotaudio_Aditya_2018-08-17_01_32_hp.WAV,1,single,Aditya_2018-08-17_01_32,,
106,0.7800000000000011,dominant_frequencies,matching_annotaudio_Aditya_2018-08-17_01_33_hp.WAV,1,single,Aditya_2018-08-17_01_33,,
107,0.10000000000000853,dominant_frequencies,matching_annotaudio_Aditya_2018-08-17_01_34_hp.WAV,1,single,Aditya_2018-08-17_01_34,,
108,1.0,dominant_frequencies,matching_annotaudio_Aditya_2018-08-17_01_36_hp.WAV,1,single,Aditya_2018-08-17_01_36,,
109,,dominant_frequencies,matching_annotaudio_Aditya_2018-08-17_01_37_hp.WAV,1,single,Aditya_2018-08-17_01_37,,
110,3.719999999999999,dominant_frequencies,matching_annotaudio_Aditya_2018-08-17_01_39_hp.WAV,2,multiple,Aditya_2018-08-17_01_39,,
111,1.0600000000000023,dominant_frequencies,matching_annotaudio_Aditya_2018-08-17_01_40_hp.WAV,1,single,Aditya_2018-08-17_01_40,,
112,2.5400000000000063,dominant_frequencies,matching_annotaudio_Aditya_2018-08-17_01_44_hp.WAV,2,multiple,Aditya_2018-08-17_01_44,,
113,0.9099999999999966,dominant_frequencies,matching_annotaudio_Aditya_2018-08-17_01_46_hp.WAV,1,single,Aditya_2018-08-17_01_46,,
114,2.200000000000003,dominant_frequencies,matching_annotaudio_Aditya_2018-08-17_01_47_hp.WAV,2,multiple,Aditya_2018-08-17_01_47,,
115,0.539999999999992,dominant_frequencies,matching_annotaudio_Aditya_2018-08-17_01_57_hp.WAV,1,single,Aditya_2018-08-17_01_57,,
116,2.1599999999999966,dominant_frequencies,matching_annotaudio_Aditya_2018-08-17_01_58_hp.WAV,1,single,Aditya_2018-08-17_01_58,,
117,0.060000000000002274,dominant_frequencies,matching_annotaudio_Aditya_2018-08-17_01_65_hp.WAV,1,single,Aditya_2018-08-17_01_65,,
118,0.8800000000000097,dominant_frequencies,matching_annotaudio_Aditya_2018-08-17_01_75_hp.WAV,2,multiple,Aditya_2018-08-17_01_75,,
119,,dominant_frequencies,matching_annotaudio_Aditya_2018-08-17_01_76_hp.WAV,1,single,Aditya_2018-08-17_01_76,,
120,1.3799999999999955,dominant_frequencies,matching_annotaudio_Aditya_2018-08-17_01_77_hp.WAV,1,single,Aditya_2018-08-17_01_77,,
121,1.3200000000000074,dominant_frequencies,matching_annotaudio_Aditya_2018-08-17_01_80_hp.WAV,1,single,Aditya_2018-08-17_01_80,,
122,0.1599999999999966,dominant_frequencies,matching_annotaudio_Aditya_2018-08-17_01_81_hp.WAV,1,single,Aditya_2018-08-17_01_81,,
123,1.0999999999999943,dominant_frequencies,matching_annotaudio_Aditya_2018-08-17_01_82_hp.WAV,1,single,Aditya_2018-08-17_01_82,,
124,0.8400000000000034,dominant_frequencies,matching_annotaudio_Aditya_2018-08-17_01_83_hp.WAV,1,single,Aditya_2018-08-17_01_83,,
125,1.1700000000000017,dominant_frequencies,matching_annotaudio_Aditya_2018-08-17_01_84_hp.WAV,1,single,Aditya_2018-08-17_01_84,,
126,,dominant_frequencies,matching_annotaudio_Aditya_2018-08-17_12_100_hp.WAV,1,single,Aditya_2018-08-17_12_100,,
127,,dominant_frequencies,matching_annotaudio_Aditya_2018-08-17_12_101_hp.WAV,1,single,Aditya_2018-08-17_12_101,,
128,1.009999999999991,dominant_frequencies,matching_annotaudio_Aditya_2018-08-17_12_103_hp.WAV,1,single,Aditya_2018-08-17_12_103,,
129,2.3999999999999915,dominant_frequencies,matching_annotaudio_Aditya_2018-08-17_12_104_hp.WAV,1,single,Aditya_2018-08-17_12_104,,
130,1.6599999999999966,dominant_frequencies,matching_annotaudio_Aditya_2018-08-17_12_110_hp.WAV,1,single,Aditya_2018-08-17_12_110,,
131,1.7999999999999972,dominant_frequencies,matching_annotaudio_Aditya_2018-08-17_12_115_hp.WAV,1,single,Aditya_2018-08-17_12_115,,
132,2.280000000000001,dominant_frequencies,matching_annotaudio_Aditya_2018-08-17_12_116_hp.WAV,1,single,Aditya_2018-08-17_12_116,,
133,1.1999999999999886,dominant_frequencies,matching_annotaudio_Aditya_2018-08-17_12_117_hp.WAV,1,single,Aditya_2018-08-17_12_117,,
134,1.4099999999999966,dominant_frequencies,matching_annotaudio_Aditya_2018-08-17_12_118_hp.WAV,1,single,Aditya_2018-08-17_12_118,,
135,1.2000000000000028,dominant_frequencies,matching_annotaudio_Aditya_2018-08-17_12_122_hp.WAV,1,single,Aditya_2018-08-17_12_122,,
136,2.0600000000000023,dominant_frequencies,matching_annotaudio_Aditya_2018-08-17_12_15_hp.WAV,1,single,Aditya_2018-08-17_12_15,,
137,0.8400000000000034,dominant_frequencies,matching_annotaudio_Aditya_2018-08-17_12_16_hp.WAV,1,single,Aditya_2018-08-17_12_16,,
138,1.7800000000000011,dominant_frequencies,matching_annotaudio_Aditya_2018-08-17_12_21_hp.WAV,1,single,Aditya_2018-08-17_12_21,,
139,1.0100000000000051,dominant_frequencies,matching_annotaudio_Aditya_2018-08-17_12_29_hp.WAV,1,single,Aditya_2018-08-17_12_29,,
140,1.0400000000000063,dominant_frequencies,matching_annotaudio_Aditya_2018-08-17_12_2_hp.WAV,1,single,Aditya_2018-08-17_12_2,,
141,1.8299999999999983,dominant_frequencies,matching_annotaudio_Aditya_2018-08-17_12_33_hp.WAV,1,single,Aditya_2018-08-17_12_33,,
142,0.8799999999999955,dominant_frequencies,matching_annotaudio_Aditya_2018-08-17_12_39_hp.WAV,1,single,Aditya_2018-08-17_12_39,,
143,,dominant_frequencies,matching_annotaudio_Aditya_2018-08-17_12_44_hp.WAV,1,single,Aditya_2018-08-17_12_44,,
144,0.7800000000000011,dominant_frequencies,matching_annotaudio_Aditya_2018-08-17_12_4_hp.WAV,1,single,Aditya_2018-08-17_12_4,,
145,0.7199999999999989,dominant_frequencies,matching_annotaudio_Aditya_2018-08-17_12_50_hp.WAV,1,single,Aditya_2018-08-17_12_50,,
146,0.4000000000000057,dominant_frequencies,matching_annotaudio_Aditya_2018-08-17_12_53_hp.WAV,1,single,Aditya_2018-08-17_12_53,,
147,2.1200000000000045,dominant_frequencies,matching_annotaudio_Aditya_2018-08-17_12_68_hp.WAV,1,single,Aditya_2018-08-17_12_68,,
148,,dominant_frequencies,matching_annotaudio_Aditya_2018-08-17_12_73_hp.WAV,1,single,Aditya_2018-08-17_12_73,,
149,0.6599999999999966,dominant_frequencies,matching_annotaudio_Aditya_2018-08-17_12_74_hp.WAV,1,single,Aditya_2018-08-17_12_74,,
150,2.239999999999995,dominant_frequencies,matching_annotaudio_Aditya_2018-08-17_12_75_hp.WAV,1,single,Aditya_2018-08-17_12_75,,
151,0.05999999999998806,dominant_frequencies,matching_annotaudio_Aditya_2018-08-17_12_79_hp.WAV,1,single,Aditya_2018-08-17_12_79,,
152,0.8200000000000074,dominant_frequencies,matching_annotaudio_Aditya_2018-08-17_12_80_hp.WAV,1,single,Aditya_2018-08-17_12_80,,
153,0.3199999999999932,dominant_frequencies,matching_annotaudio_Aditya_2018-08-17_12_8_hp.WAV,1,single,Aditya_2018-08-17_12_8,,
154,0.8599999999999994,dominant_frequencies,matching_annotaudio_Aditya_2018-08-17_23_100_hp.WAV,1,single,Aditya_2018-08-17_23_100,,
155,0.6400000000000006,dominant_frequencies,matching_annotaudio_Aditya_2018-08-17_23_105_hp.WAV,1,single,Aditya_2018-08-17_23_105,,
156,0.37999999999999545,dominant_frequencies,matching_annotaudio_Aditya_2018-08-17_23_110_hp.WAV,1,single,Aditya_2018-08-17_23_110,,
157,0.7000000000000028,dominant_frequencies,matching_annotaudio_Aditya_2018-08-17_23_113_hp.WAV,1,single,Aditya_2018-08-17_23_113,,
158,3.0900000000000034,dominant_frequencies,matching_annotaudio_Aditya_2018-08-17_23_115_hp.WAV,3,multiple,Aditya_2018-08-17_23_115,,
159,1.279999999999987,dominant_frequencies,matching_annotaudio_Aditya_2018-08-17_23_117_hp.WAV,1,single,Aditya_2018-08-17_23_117,,
160,1.4200000000000017,dominant_frequencies,matching_annotaudio_Aditya_2018-08-17_23_133_hp.WAV,1,single,Aditya_2018-08-17_23_133,,
161,,dominant_frequencies,matching_annotaudio_Aditya_2018-08-17_23_134_hp.WAV,1,single,Aditya_2018-08-17_23_134,,
162,3.480000000000004,dominant_frequencies,matching_annotaudio_Aditya_2018-08-17_23_137_hp.WAV,2,multiple,Aditya_2018-08-17_23_137,,
163,0.9500000000000028,dominant_frequencies,matching_annotaudio_Aditya_2018-08-17_23_138_hp.WAV,1,single,Aditya_2018-08-17_23_138,,
164,1.0,dominant_frequencies,matching_annotaudio_Aditya_2018-08-17_23_139_hp.WAV,1,single,Aditya_2018-08-17_23_139,,
165,1.2000000000000028,dominant_frequencies,matching_annotaudio_Aditya_2018-08-17_23_146_hp.WAV,1,single,Aditya_2018-08-17_23_146,,
166,1.3999999999999915,dominant_frequencies,matching_annotaudio_Aditya_2018-08-17_23_155_hp.WAV,1,single,Aditya_2018-08-17_23_155,,
167,5.170000000000002,dominant_frequencies,matching_annotaudio_Aditya_2018-08-17_23_157_hp.WAV,2,multiple,Aditya_2018-08-17_23_157,,
168,1.019999999999996,dominant_frequencies,matching_annotaudio_Aditya_2018-08-17_23_167_hp.WAV,1,single,Aditya_2018-08-17_23_167,,
169,0.7199999999999989,dominant_frequencies,matching_annotaudio_Aditya_2018-08-17_23_168_hp.WAV,1,single,Aditya_2018-08-17_23_168,,
170,3.280000000000001,dominant_frequencies,matching_annotaudio_Aditya_2018-08-17_23_170_hp.WAV,2,multiple,Aditya_2018-08-17_23_170,,
171,1.9699999999999989,dominant_frequencies,matching_annotaudio_Aditya_2018-08-17_23_172_hp.WAV,2,multiple,Aditya_2018-08-17_23_172,,
172,2.3700000000000045,dominant_frequencies,matching_annotaudio_Aditya_2018-08-17_23_173_hp.WAV,3,multiple,Aditya_2018-08-17_23_173,,
173,2.719999999999999,dominant_frequencies,matching_annotaudio_Aditya_2018-08-17_23_185_hp.WAV,1,single,Aditya_2018-08-17_23_185,,
174,1.019999999999996,dominant_frequencies,matching_annotaudio_Aditya_2018-08-17_23_186_hp.WAV,1,single,Aditya_2018-08-17_23_186,,
175,1.25,dominant_frequencies,matching_annotaudio_Aditya_2018-08-17_23_187_hp.WAV,1,single,Aditya_2018-08-17_23_187,,
176,1.1099999999999994,dominant_frequencies,matching_annotaudio_Aditya_2018-08-17_23_193_hp.WAV,1,single,Aditya_2018-08-17_23_193,,
177,3.960000000000008,dominant_frequencies,matching_annotaudio_Aditya_2018-08-17_23_196_hp.WAV,2,multiple,Aditya_2018-08-17_23_196,,
178,0.6899999999999977,dominant_frequencies,matching_annotaudio_Aditya_2018-08-17_23_26_hp.WAV,1,single,Aditya_2018-08-17_23_26,,
179,2.5600000000000023,dominant_frequencies,matching_annotaudio_Aditya_2018-08-17_23_28_hp.WAV,1,single,Aditya_2018-08-17_23_28,,
180,1.7199999999999989,dominant_frequencies,matching_annotaudio_Aditya_2018-08-17_23_30_hp.WAV,1,single,Aditya_2018-08-17_23_30,,
181,1.0900000000000034,dominant_frequencies,matching_annotaudio_Aditya_2018-08-17_23_37_hp.WAV,1,single,Aditya_2018-08-17_23_37,,
182,0.030000000000001137,dominant_frequencies,matching_annotaudio_Aditya_2018-08-17_23_42_hp.WAV,3,multiple,Aditya_2018-08-17_23_42,,
183,1.5400000000000063,dominant_frequencies,matching_annotaudio_Aditya_2018-08-17_23_45_hp.WAV,1,single,Aditya_2018-08-17_23_45,,
184,2.5400000000000063,dominant_frequencies,matching_annotaudio_Aditya_2018-08-17_23_53_hp.WAV,1,single,Aditya_2018-08-17_23_53,,
185,2.0600000000000023,dominant_frequencies,matching_annotaudio_Aditya_2018-08-17_23_56_hp.WAV,2,multiple,Aditya_2018-08-17_23_56,,
186,0.4000000000000057,dominant_frequencies,matching_annotaudio_Aditya_2018-08-17_23_58_hp.WAV,1,single,Aditya_2018-08-17_23_58,,
187,3.799999999999997,dominant_frequencies,matching_annotaudio_Aditya_2018-08-17_23_65_hp.WAV,2,multiple,Aditya_2018-08-17_23_65,,
188,7.340000000000003,dominant_frequencies,matching_annotaudio_Aditya_2018-08-17_23_68_hp.WAV,2,multiple,Aditya_2018-08-17_23_68,,
189,7.019999999999996,dominant_frequencies,matching_annotaudio_Aditya_2018-08-17_23_69_hp.WAV,3,multiple,Aditya_2018-08-17_23_69,,
190,4.400000000000006,dominant_frequencies,matching_annotaudio_Aditya_2018-08-17_23_70_hp.WAV,4,multiple,Aditya_2018-08-17_23_70,,
191,6.900000000000006,dominant_frequencies,matching_annotaudio_Aditya_2018-08-17_23_71_hp.WAV,4,multiple,Aditya_2018-08-17_23_71,,
192,1.4200000000000017,dominant_frequencies,matching_annotaudio_Aditya_2018-08-17_23_75_hp.WAV,1,single,Aditya_2018-08-17_23_75,,
193,7.469999999999999,dominant_frequencies,matching_annotaudio_Aditya_2018-08-17_23_78_hp.WAV,3,multiple,Aditya_2018-08-17_23_78,,
194,0.3500000000000085,dominant_frequencies,matching_annotaudio_Aditya_2018-08-17_23_81_hp.WAV,1,single,Aditya_2018-08-17_23_81,,
195,0.6600000000000108,dominant_frequencies,matching_annotaudio_Aditya_2018-08-17_23_82_hp.WAV,1,single,Aditya_2018-08-17_23_82,,
196,1.0799999999999983,dominant_frequencies,matching_annotaudio_Aditya_2018-08-17_23_91_hp.WAV,1,single,Aditya_2018-08-17_23_91,,
197,1.490000000000009,dominant_frequencies,matching_annotaudio_Aditya_2018-08-17_23_92_hp.WAV,1,single,Aditya_2018-08-17_23_92,,
198,0.45999999999999375,dominant_frequencies,matching_annotaudio_Aditya_2018-08-17_34_120_hp.WAV,1,single,Aditya_2018-08-17_34_120,,
199,0.01999999999999602,dominant_frequencies,matching_annotaudio_Aditya_2018-08-17_34_12_hp.WAV,1,single,Aditya_2018-08-17_34_12,,
200,0.7399999999999949,dominant_frequencies,matching_annotaudio_Aditya_2018-08-17_34_133_hp.WAV,1,single,Aditya_2018-08-17_34_133,,
201,0.0799999999999983,dominant_frequencies,matching_annotaudio_Aditya_2018-08-17_34_143_hp.WAV,1,single,Aditya_2018-08-17_34_143,,
202,0.9300000000000068,dominant_frequencies,matching_annotaudio_Aditya_2018-08-17_34_147_hp.WAV,1,single,Aditya_2018-08-17_34_147,,
203,0.2799999999999869,dominant_frequencies,matching_annotaudio_Aditya_2018-08-17_34_151_hp.WAV,1,single,Aditya_2018-08-17_34_151,,
204,3.8799999999999955,dominant_frequencies,matching_annotaudio_Aditya_2018-08-17_34_156_hp.WAV,4,multiple,Aditya_2018-08-17_34_156,,
205,1.1899999999999977,dominant_frequencies,matching_annotaudio_Aditya_2018-08-17_34_157_hp.WAV,3,multiple,Aditya_2018-08-17_34_157,,
206,1.4100000000000108,dominant_frequencies,matching_annotaudio_Aditya_2018-08-17_34_168_hp.WAV,1,single,Aditya_2018-08-17_34_168,,
207,0.7999999999999972,dominant_frequencies,matching_annotaudio_Aditya_2018-08-17_34_170_hp.WAV,1,single,Aditya_2018-08-17_34_170,,
208,1.4500000000000028,dominant_frequencies,matching_annotaudio_Aditya_2018-08-17_34_18_hp.WAV,1,single,Aditya_2018-08-17_34_18,,
209,2.3499999999999943,dominant_frequencies,matching_annotaudio_Aditya_2018-08-17_34_19_hp.WAV,1,single,Aditya_2018-08-17_34_19,,
210,0.1799999999999926,dominant_frequencies,matching_annotaudio_Aditya_2018-08-17_34_201_hp.WAV,1,single,Aditya_2018-08-17_34_201,,
211,,dominant_frequencies,matching_annotaudio_Aditya_2018-08-17_34_208_hp.WAV,1,single,Aditya_2018-08-17_34_208,,
212,,dominant_frequencies,matching_annotaudio_Aditya_2018-08-17_34_211_hp.WAV,1,single,Aditya_2018-08-17_34_211,,
213,1.1099999999999994,dominant_frequencies,matching_annotaudio_Aditya_2018-08-17_34_21_hp.WAV,2,multiple,Aditya_2018-08-17_34_21,,
214,0.060000000000002274,dominant_frequencies,matching_annotaudio_Aditya_2018-08-17_34_27_hp.WAV,1,single,Aditya_2018-08-17_34_27,,
215,1.1700000000000017,dominant_frequencies,matching_annotaudio_Aditya_2018-08-17_34_2_hp.WAV,1,single,Aditya_2018-08-17_34_2,,
216,3.980000000000004,dominant_frequencies,matching_annotaudio_Aditya_2018-08-17_34_32_hp.WAV,2,multiple,Aditya_2018-08-17_34_32,,
217,2.9599999999999937,dominant_frequencies,matching_annotaudio_Aditya_2018-08-17_34_35_hp.WAV,2,multiple,Aditya_2018-08-17_34_35,,
218,3.6799999999999926,dominant_frequencies,matching_annotaudio_Aditya_2018-08-17_34_38_hp.WAV,2,multiple,Aditya_2018-08-17_34_38,,
219,2.5800000000000125,dominant_frequencies,matching_annotaudio_Aditya_2018-08-17_34_40_hp.WAV,1,single,Aditya_2018-08-17_34_40,,
220,1.6599999999999966,dominant_frequencies,matching_annotaudio_Aditya_2018-08-17_34_41_hp.WAV,1,single,Aditya_2018-08-17_34_41,,
221,1.2700000000000102,dominant_frequencies,matching_annotaudio_Aditya_2018-08-17_34_49_hp.WAV,1,single,Aditya_2018-08-17_34_49,,
222,6.280000000000001,dominant_frequencies,matching_annotaudio_Aditya_2018-08-17_34_4_hp.WAV,2,multiple,Aditya_2018-08-17_34_4,,
223,1.5200000000000102,dominant_frequencies,matching_annotaudio_Aditya_2018-08-17_34_51_hp.WAV,1,single,Aditya_2018-08-17_34_51,,
224,1.6599999999999966,dominant_frequencies,matching_annotaudio_Aditya_2018-08-17_34_52_hp.WAV,1,single,Aditya_2018-08-17_34_52,,
225,1.009999999999991,dominant_frequencies,matching_annotaudio_Aditya_2018-08-17_34_54_hp.WAV,1,single,Aditya_2018-08-17_34_54,,
226,0.5,dominant_frequencies,matching_annotaudio_Aditya_2018-08-17_34_55_hp.WAV,1,single,Aditya_2018-08-17_34_55,,
227,0.519999999999996,dominant_frequencies,matching_annotaudio_Aditya_2018-08-17_34_56_hp.WAV,1,single,Aditya_2018-08-17_34_56,,
228,,dominant_frequencies,matching_annotaudio_Aditya_2018-08-17_34_61_hp.WAV,1,single,Aditya_2018-08-17_34_61,,
229,2.8800000000000097,dominant_frequencies,matching_annotaudio_Aditya_2018-08-17_34_64_hp.WAV,2,multiple,Aditya_2018-08-17_34_64,,
230,0.45999999999999375,dominant_frequencies,matching_annotaudio_Aditya_2018-08-17_34_69_hp.WAV,1,single,Aditya_2018-08-17_34_69,,
231,2.8699999999999903,dominant_frequencies,matching_annotaudio_Aditya_2018-08-17_34_72_hp.WAV,2,multiple,Aditya_2018-08-17_34_72,,
232,1.25,dominant_frequencies,matching_annotaudio_Aditya_2018-08-17_34_77_hp.WAV,1,single,Aditya_2018-08-17_34_77,,
233,1.519999999999996,dominant_frequencies,matching_annotaudio_Aditya_2018-08-17_34_78_hp.WAV,1,single,Aditya_2018-08-17_34_78,,
234,7.650000000000006,dominant_frequencies,matching_annotaudio_Aditya_2018-08-17_34_81_hp.WAV,2,multiple,Aditya_2018-08-17_34_81,,
235,1.559999999999988,dominant_frequencies,matching_annotaudio_Aditya_2018-08-17_45_116_hp.WAV,2,multiple,Aditya_2018-08-17_45_116,,
236,1.5,dominant_frequencies,matching_annotaudio_Aditya_2018-08-17_45_118_hp.WAV,4,multiple,Aditya_2018-08-17_45_118,,
237,0.44000000000001194,dominant_frequencies,matching_annotaudio_Aditya_2018-08-17_45_119_hp.WAV,2,multiple,Aditya_2018-08-17_45_119,,
238,0.2400000000000091,dominant_frequencies,matching_annotaudio_Aditya_2018-08-17_45_135_hp.WAV,2,multiple,Aditya_2018-08-17_45_135,,
239,1.3400000000000034,dominant_frequencies,matching_annotaudio_Aditya_2018-08-17_45_162_hp.WAV,2,multiple,Aditya_2018-08-17_45_162,,
240,1.2999999999999972,dominant_frequencies,matching_annotaudio_Aditya_2018-08-17_45_164_hp.WAV,2,multiple,Aditya_2018-08-17_45_164,,
241,,dominant_frequencies,matching_annotaudio_Aditya_2018-08-17_45_211_hp.WAV,1,single,Aditya_2018-08-17_45_211,,
242,0.6400000000000006,dominant_frequencies,matching_annotaudio_Aditya_2018-08-17_45_342_hp.WAV,1,single,Aditya_2018-08-17_45_342,,
243,0.20000000000000284,dominant_frequencies,matching_annotaudio_Aditya_2018-08-17_45_5_hp.WAV,1,single,Aditya_2018-08-17_45_5,,
244,0.27000000000001023,dominant_frequencies,matching_annotaudio_Aditya_2018-08-17_56_11_hp.WAV,4,multiple,Aditya_2018-08-17_56_11,,
245,0.23999999999999488,dominant_frequencies,matching_annotaudio_Aditya_2018-08-17_56_1_hp.WAV,1,single,Aditya_2018-08-17_56_1,,
246,0.9300000000000068,dominant_frequencies,matching_annotaudio_Aditya_2018-08-17_56_23_hp.WAV,3,multiple,Aditya_2018-08-17_56_23,,
247,3.5200000000000102,dominant_frequencies,matching_annotaudio_Aditya_2018-08-17_56_31_hp.WAV,2,multiple,Aditya_2018-08-17_56_31,,
248,1.3599999999999994,dominant_frequencies,matching_annotaudio_Aditya_2018-08-17_56_58_hp.WAV,3,multiple,Aditya_2018-08-17_56_58,,
249,0.46000000000000796,dominant_frequencies,matching_annotaudio_Aditya_2018-08-17_56_78_hp.WAV,1,single,Aditya_2018-08-17_56_78,,
250,0.1599999999999966,dominant_frequencies,matching_annotaudio_Aditya_2018-08-17_56_96_hp.WAV,1,single,Aditya_2018-08-17_56_96,,
251,0.04000000000000625,dominant_frequencies,matching_annotaudio_Aditya_2018-08-19_0120-0200_104_hp.WAV,2,multiple,Aditya_2018-08-19_0120-0200_104,,
252,1.1099999999999994,dominant_frequencies,matching_annotaudio_Aditya_2018-08-19_0120-0200_109_hp.WAV,1,single,Aditya_2018-08-19_0120-0200_109,,
253,,dominant_frequencies,matching_annotaudio_Aditya_2018-08-19_0120-0200_110_hp.WAV,1,single,Aditya_2018-08-19_0120-0200_110,,
254,0.18000000000000682,dominant_frequencies,matching_annotaudio_Aditya_2018-08-19_0120-0200_112_hp.WAV,1,single,Aditya_2018-08-19_0120-0200_112,,
255,1.0200000000000102,dominant_frequencies,matching_annotaudio_Aditya_2018-08-19_0120-0200_113_hp.WAV,1,single,Aditya_2018-08-19_0120-0200_113,,
256,3.780000000000001,dominant_frequencies,matching_annotaudio_Aditya_2018-08-19_0120-0200_117_hp.WAV,2,multiple,Aditya_2018-08-19_0120-0200_117,,
257,1.3400000000000034,dominant_frequencies,matching_annotaudio_Aditya_2018-08-19_0120-0200_119_hp.WAV,1,single,Aditya_2018-08-19_0120-0200_119,,
258,0.0799999999999983,dominant_frequencies,matching_annotaudio_Aditya_2018-08-19_0120-0200_120_hp.WAV,1,single,Aditya_2018-08-19_0120-0200_120,,
259,0.4200000000000017,dominant_frequencies,matching_annotaudio_Aditya_2018-08-19_0120-0200_124_hp.WAV,1,single,Aditya_2018-08-19_0120-0200_124,,
260,,dominant_frequencies,matching_annotaudio_Aditya_2018-08-19_0120-0200_128_hp.WAV,1,single,Aditya_2018-08-19_0120-0200_128,,
261,1.0499999999999972,dominant_frequencies,matching_annotaudio_Aditya_2018-08-19_0120-0200_13_hp.WAV,1,single,Aditya_2018-08-19_0120-0200_13,,
262,1.1600000000000108,dominant_frequencies,matching_annotaudio_Aditya_2018-08-19_0120-0200_14_hp.WAV,1,single,Aditya_2018-08-19_0120-0200_14,,
263,1.3599999999999994,dominant_frequencies,matching_annotaudio_Aditya_2018-08-19_0120-0200_18_hp.WAV,1,single,Aditya_2018-08-19_0120-0200_18,,
264,1.3599999999999994,dominant_frequencies,matching_annotaudio_Aditya_2018-08-19_0120-0200_19_hp.WAV,1,single,Aditya_2018-08-19_0120-0200_19,,
265,0.1799999999999926,dominant_frequencies,matching_annotaudio_Aditya_2018-08-19_0120-0200_21_hp.WAV,1,single,Aditya_2018-08-19_0120-0200_21,,
266,1.5600000000000023,dominant_frequencies,matching_annotaudio_Aditya_2018-08-19_0120-0200_22_hp.WAV,1,single,Aditya_2018-08-19_0120-0200_22,,
267,2.6400000000000006,dominant_frequencies,matching_annotaudio_Aditya_2018-08-19_0120-0200_23_hp.WAV,1,single,Aditya_2018-08-19_0120-0200_23,,
268,0.7800000000000011,dominant_frequencies,matching_annotaudio_Aditya_2018-08-19_0120-0200_59_hp.WAV,1,single,Aditya_2018-08-19_0120-0200_59,,
269,1.2199999999999989,dominant_frequencies,matching_annotaudio_Aditya_2018-08-19_0120-0200_63_hp.WAV,1,single,Aditya_2018-08-19_0120-0200_63,,
270,0.3200000000000074,dominant_frequencies,matching_annotaudio_Aditya_2018-08-19_0120-0200_64_hp.WAV,1,single,Aditya_2018-08-19_0120-0200_64,,
271,0.29999999999999716,dominant_frequencies,matching_annotaudio_Aditya_2018-08-19_0120-0200_65_hp.WAV,1,single,Aditya_2018-08-19_0120-0200_65,,
272,3.3800000000000097,dominant_frequencies,matching_annotaudio_Aditya_2018-08-19_0120-0200_71_hp.WAV,2,multiple,Aditya_2018-08-19_0120-0200_71,,
273,0.8299999999999983,dominant_frequencies,matching_annotaudio_Aditya_2018-08-19_0120-0200_72_hp.WAV,1,single,Aditya_2018-08-19_0120-0200_72,,
274,1.4200000000000017,dominant_frequencies,matching_annotaudio_Aditya_2018-08-19_0120-0200_73_hp.WAV,1,single,Aditya_2018-08-19_0120-0200_73,,
275,2.8599999999999994,dominant_frequencies,matching_annotaudio_Aditya_2018-08-19_0120-0200_74_hp.WAV,1,single,Aditya_2018-08-19_0120-0200_74,,
276,5.320000000000007,dominant_frequencies,matching_annotaudio_Aditya_2018-08-19_0120-0200_79_hp.WAV,3,multiple,Aditya_2018-08-19_0120-0200_79,,
277,0.0799999999999983,dominant_frequencies,matching_annotaudio_Aditya_2018-08-19_0120-0200_81_hp.WAV,1,single,Aditya_2018-08-19_0120-0200_81,,
278,0.6099999999999994,dominant_frequencies,matching_annotaudio_Aditya_2018-08-19_0120-0200_83_hp.WAV,1,single,Aditya_2018-08-19_0120-0200_83,,
279,7.179999999999993,dominant_frequencies,matching_annotaudio_Aditya_2018-08-19_0120-0200_87_hp.WAV,2,multiple,Aditya_2018-08-19_0120-0200_87,,
280,2.8400000000000034,dominant_frequencies,matching_annotaudio_Aditya_2018-08-19_0120-0200_88_hp.WAV,3,multiple,Aditya_2018-08-19_0120-0200_88,,
281,1.4399999999999977,dominant_frequencies,matching_annotaudio_Aditya_2018-08-19_0120-0200_8_hp.WAV,1,single,Aditya_2018-08-19_0120-0200_8,,
282,3.760000000000005,dominant_frequencies,matching_annotaudio_Aditya_2018-08-19_0120-0200_90_hp.WAV,3,multiple,Aditya_2018-08-19_0120-0200_90,,
283,1.3200000000000074,dominant_frequencies,matching_annotaudio_Aditya_2018-08-19_0120-0200_93_hp.WAV,1,single,Aditya_2018-08-19_0120-0200_93,,
284,,dominant_frequencies,matching_annotaudio_Aditya_2018-08-19_0120-0200_95_hp.WAV,1,single,Aditya_2018-08-19_0120-0200_95,,
285,1.8199999999999932,dominant_frequencies,matching_annotaudio_Aditya_2018-08-19_0120-0200_96_hp.WAV,1,single,Aditya_2018-08-19_0120-0200_96,,
286,1.3799999999999955,dominant_frequencies,matching_annotaudio_Aditya_2018-08-19_23_17_hp.WAV,1,single,Aditya_2018-08-19_23_17,,
287,0.6199999999999903,dominant_frequencies,matching_annotaudio_Aditya_2018-08-19_23_18_hp.WAV,1,single,Aditya_2018-08-19_23_18,,
288,2.019999999999996,dominant_frequencies,matching_annotaudio_Aditya_2018-08-19_23_19_hp.WAV,1,single,Aditya_2018-08-19_23_19,,
289,0.7599999999999909,dominant_frequencies,matching_annotaudio_Aditya_2018-08-19_23_2_hp.WAV,1,single,Aditya_2018-08-19_23_2,,
290,2.5500000000000114,dominant_frequencies,matching_annotaudio_Aditya_2018-08-19_23_31_hp.WAV,2,multiple,Aditya_2018-08-19_23_31,,
291,0.25,dominant_frequencies,matching_annotaudio_Aditya_2018-08-19_23_32_hp.WAV,1,single,Aditya_2018-08-19_23_32,,
292,,dominant_frequencies,matching_annotaudio_Aditya_2018-08-19_23_34_hp.WAV,2,multiple,Aditya_2018-08-19_23_34,,
293,5.070000000000007,dominant_frequencies,matching_annotaudio_Aditya_2018-08-19_23_37_hp.WAV,3,multiple,Aditya_2018-08-19_23_37,,
294,0.480000000000004,dominant_frequencies,matching_annotaudio_Aditya_2018-08-19_23_40_hp.WAV,1,single,Aditya_2018-08-19_23_40,,
295,6.219999999999999,dominant_frequencies,matching_annotaudio_Aditya_2018-08-19_23_4_hp.WAV,2,multiple,Aditya_2018-08-19_23_4,,
296,1.0,dominant_frequencies,matching_annotaudio_Aditya_2018-08-19_23_5_hp.WAV,2,multiple,Aditya_2018-08-19_23_5,,
297,,dominant_frequencies,matching_annotaudio_Aditya_2018-08-20_0200-0300_11_hp.WAV,1,single,Aditya_2018-08-20_0200-0300_11,,
298,,dominant_frequencies,matching_annotaudio_Aditya_2018-08-20_0200-0300_16_hp.WAV,1,single,Aditya_2018-08-20_0200-0300_16,,
299,4.239999999999995,dominant_frequencies,matching_annotaudio_Aditya_2018-08-20_0200-0300_18_hp.WAV,3,multiple,Aditya_2018-08-20_0200-0300_18,,
300,0.0799999999999983,dominant_frequencies,matching_annotaudio_Aditya_2018-08-20_0200-0300_38_hp.WAV,1,single,Aditya_2018-08-20_0200-0300_38,,
301,0.05999999999998806,dominant_frequencies,matching_annotaudio_Aditya_2018-08-20_0200-0300_39_hp.WAV,1,single,Aditya_2018-08-20_0200-0300_39,,
302,2.4599999999999937,dominant_frequencies,matching_annotaudio_Aditya_2018-08-20_0200-0300_43_hp.WAV,2,multiple,Aditya_2018-08-20_0200-0300_43,,
303,,dominant_frequencies,matching_annotaudio_Aditya_2018-08-20_0200-0300_54_hp.WAV,1,single,Aditya_2018-08-20_0200-0300_54,,
304,0.060000000000002274,dominant_frequencies,matching_annotaudio_Aditya_2018-08-20_0200-0300_61_hp.WAV,1,single,Aditya_2018-08-20_0200-0300_61,,
305,0.5600000000000023,dominant_frequencies,matching_annotaudio_Aditya_2018-08-20_0200-0300_64_hp.WAV,1,single,Aditya_2018-08-20_0200-0300_64,,
306,2.019999999999996,dominant_frequencies,matching_annotaudio_Aditya_2018-08-20_0200-0300_66_hp.WAV,2,multiple,Aditya_2018-08-20_0200-0300_66,,
307,,dominant_frequencies,matching_annotaudio_Aditya_2018-08-20_0200-0300_73_hp.WAV,2,multiple,Aditya_2018-08-20_0200-0300_73,,
308,0.3400000000000034,dominant_frequencies,matching_annotaudio_Aditya_2018-08-20_0200-0300_76_hp.WAV,1,single,Aditya_2018-08-20_0200-0300_76,,
309,3.0799999999999983,dominant_frequencies,matching_annotaudio_Aditya_2018-08-20_0200-0300_78_hp.WAV,2,multiple,Aditya_2018-08-20_0200-0300_78,,
310,,dominant_frequencies,matching_annotaudio_Aditya_2018-08-20_0200-0300_88_hp.WAV,1,single,Aditya_2018-08-20_0200-0300_88,,
311,0.18000000000000682,dominant_frequencies,matching_annotaudio_Aditya_2018-08-20_0200-0300_91_hp.WAV,1,single,Aditya_2018-08-20_0200-0300_91,,
312,0.04000000000000625,dominant_frequencies,matching_annotaudio_Aditya_2018-08-20_0200-0300_92_hp.WAV,2,multiple,Aditya_2018-08-20_0200-0300_92,,
313,1.5,dominant_frequencies,matching_annotaudio_Aditya_2018-08-20_0300-0400_18_hp.WAV,1,single,Aditya_2018-08-20_0300-0400_18,,
314,0.23000000000000398,dominant_frequencies,matching_annotaudio_Aditya_2018-08-20_0300-0400_19_hp.WAV,1,single,Aditya_2018-08-20_0300-0400_19,,
315,0.539999999999992,dominant_frequencies,matching_annotaudio_Aditya_2018-08-20_0300-0400_35_hp.WAV,1,single,Aditya_2018-08-20_0300-0400_35,,
316,1.7399999999999949,dominant_frequencies,matching_annotaudio_Aditya_2018-08-20_0300-0400_58_hp.WAV,1,single,Aditya_2018-08-20_0300-0400_58,,
317,0.6999999999999886,dominant_frequencies,matching_annotaudio_Aditya_2018-08-20_0300-0400_85_hp.WAV,1,single,Aditya_2018-08-20_0300-0400_85,,
318,0.8400000000000034,dominant_frequencies,matching_annotaudio_Aditya_2018-08-20_0300-0400_90_hp.WAV,1,single,Aditya_2018-08-20_0300-0400_90,,
319,,dominant_frequencies,matching_annotaudio_Aditya_2018-08-20_0300-0400_91_hp.WAV,1,single,Aditya_2018-08-20_0300-0400_91,,
