file_name,,file_value_range,measurement,file_name,num_bats,groupsize
matching_annotaudio_Aditya_2018-08-16_21502300_100_hp.WAV,0,0.9499999999999886,dominant_frequencies,matching_annotaudio_Aditya_2018-08-16_21502300_100_hp.WAV,1,single
matching_annotaudio_Aditya_2018-08-16_21502300_101_hp.WAV,0,0.8700000000000045,dominant_frequencies,matching_annotaudio_Aditya_2018-08-16_21502300_101_hp.WAV,1,single
matching_annotaudio_Aditya_2018-08-16_21502300_102_hp.WAV,0,0.020000000000010232,dominant_frequencies,matching_annotaudio_Aditya_2018-08-16_21502300_102_hp.WAV,1,single
matching_annotaudio_Aditya_2018-08-16_21502300_104_hp.WAV,0,1.769999999999996,dominant_frequencies,matching_annotaudio_Aditya_2018-08-16_21502300_104_hp.WAV,1,single
matching_annotaudio_Aditya_2018-08-16_21502300_108_hp.WAV,0,2.489999999999995,dominant_frequencies,matching_annotaudio_Aditya_2018-08-16_21502300_108_hp.WAV,2,multiple
matching_annotaudio_Aditya_2018-08-16_21502300_110_hp.WAV,0,0.9000000000000057,dominant_frequencies,matching_annotaudio_Aditya_2018-08-16_21502300_110_hp.WAV,1,single
matching_annotaudio_Aditya_2018-08-16_21502300_111_hp.WAV,0,0.20000000000000284,dominant_frequencies,matching_annotaudio_Aditya_2018-08-16_21502300_111_hp.WAV,1,single
matching_annotaudio_Aditya_2018-08-16_21502300_18_hp.WAV,0,0.5799999999999983,dominant_frequencies,matching_annotaudio_Aditya_2018-08-16_21502300_18_hp.WAV,1,single
matching_annotaudio_Aditya_2018-08-16_21502300_20_hp.WAV,0,0.8999999999999915,dominant_frequencies,matching_annotaudio_Aditya_2018-08-16_21502300_20_hp.WAV,1,single
matching_annotaudio_Aditya_2018-08-16_21502300_22_hp.WAV,0,1.1999999999999886,dominant_frequencies,matching_annotaudio_Aditya_2018-08-16_21502300_22_hp.WAV,1,single
matching_annotaudio_Aditya_2018-08-16_21502300_24_hp.WAV,0,1.0100000000000051,dominant_frequencies,matching_annotaudio_Aditya_2018-08-16_21502300_24_hp.WAV,1,single
matching_annotaudio_Aditya_2018-08-16_21502300_25_hp.WAV,0,1.019999999999996,dominant_frequencies,matching_annotaudio_Aditya_2018-08-16_21502300_25_hp.WAV,1,single
matching_annotaudio_Aditya_2018-08-16_21502300_28_hp.WAV,0,0.4099999999999966,dominant_frequencies,matching_annotaudio_Aditya_2018-08-16_21502300_28_hp.WAV,1,single
matching_annotaudio_Aditya_2018-08-16_21502300_30_hp.WAV,0,0.9699999999999989,dominant_frequencies,matching_annotaudio_Aditya_2018-08-16_21502300_30_hp.WAV,1,single
matching_annotaudio_Aditya_2018-08-16_21502300_32_hp.WAV,0,1.519999999999996,dominant_frequencies,matching_annotaudio_Aditya_2018-08-16_21502300_32_hp.WAV,1,single
matching_annotaudio_Aditya_2018-08-16_21502300_33_hp.WAV,0,0.9200000000000017,dominant_frequencies,matching_annotaudio_Aditya_2018-08-16_21502300_33_hp.WAV,1,single
matching_annotaudio_Aditya_2018-08-16_21502300_37_hp.WAV,0,5.9199999999999875,dominant_frequencies,matching_annotaudio_Aditya_2018-08-16_21502300_37_hp.WAV,2,multiple
matching_annotaudio_Aditya_2018-08-16_21502300_39_hp.WAV,0,5.719999999999999,dominant_frequencies,matching_annotaudio_Aditya_2018-08-16_21502300_39_hp.WAV,2,multiple
matching_annotaudio_Aditya_2018-08-16_21502300_43_hp.WAV,0,4.180000000000007,dominant_frequencies,matching_annotaudio_Aditya_2018-08-16_21502300_43_hp.WAV,2,multiple
matching_annotaudio_Aditya_2018-08-16_21502300_46_hp.WAV,0,5.280000000000001,dominant_frequencies,matching_annotaudio_Aditya_2018-08-16_21502300_46_hp.WAV,2,multiple
matching_annotaudio_Aditya_2018-08-16_21502300_47_hp.WAV,0,5.170000000000002,dominant_frequencies,matching_annotaudio_Aditya_2018-08-16_21502300_47_hp.WAV,2,multiple
matching_annotaudio_Aditya_2018-08-16_21502300_49_hp.WAV,0,4.539999999999992,dominant_frequencies,matching_annotaudio_Aditya_2018-08-16_21502300_49_hp.WAV,2,multiple
matching_annotaudio_Aditya_2018-08-16_21502300_51_hp.WAV,0,1.8900000000000006,dominant_frequencies,matching_annotaudio_Aditya_2018-08-16_21502300_51_hp.WAV,1,single
matching_annotaudio_Aditya_2018-08-16_21502300_52_hp.WAV,0,,dominant_frequencies,matching_annotaudio_Aditya_2018-08-16_21502300_52_hp.WAV,1,single
matching_annotaudio_Aditya_2018-08-16_21502300_62_hp.WAV,0,1.6400000000000006,dominant_frequencies,matching_annotaudio_Aditya_2018-08-16_21502300_62_hp.WAV,1,single
matching_annotaudio_Aditya_2018-08-16_21502300_66_hp.WAV,0,0.1600000000000108,dominant_frequencies,matching_annotaudio_Aditya_2018-08-16_21502300_66_hp.WAV,1,single
matching_annotaudio_Aditya_2018-08-16_21502300_69_hp.WAV,0,1.9399999999999977,dominant_frequencies,matching_annotaudio_Aditya_2018-08-16_21502300_69_hp.WAV,1,single
matching_annotaudio_Aditya_2018-08-16_21502300_70_hp.WAV,0,1.769999999999996,dominant_frequencies,matching_annotaudio_Aditya_2018-08-16_21502300_70_hp.WAV,1,single
matching_annotaudio_Aditya_2018-08-16_21502300_73_hp.WAV,0,2.280000000000001,dominant_frequencies,matching_annotaudio_Aditya_2018-08-16_21502300_73_hp.WAV,1,single
matching_annotaudio_Aditya_2018-08-16_21502300_74_hp.WAV,0,1.4200000000000017,dominant_frequencies,matching_annotaudio_Aditya_2018-08-16_21502300_74_hp.WAV,1,single
matching_annotaudio_Aditya_2018-08-16_21502300_98_hp.WAV,0,1.3199999999999932,dominant_frequencies,matching_annotaudio_Aditya_2018-08-16_21502300_98_hp.WAV,1,single
matching_annotaudio_Aditya_2018-08-16_2324_10_hp.WAV,0,,dominant_frequencies,matching_annotaudio_Aditya_2018-08-16_2324_10_hp.WAV,1,single
matching_annotaudio_Aditya_2018-08-16_2324_117_hp.WAV,0,2.3400000000000034,dominant_frequencies,matching_annotaudio_Aditya_2018-08-16_2324_117_hp.WAV,1,single
matching_annotaudio_Aditya_2018-08-16_2324_128_hp.WAV,0,1.3200000000000074,dominant_frequencies,matching_annotaudio_Aditya_2018-08-16_2324_128_hp.WAV,1,single
matching_annotaudio_Aditya_2018-08-16_2324_143_hp.WAV,0,1.0900000000000034,dominant_frequencies,matching_annotaudio_Aditya_2018-08-16_2324_143_hp.WAV,1,single
matching_annotaudio_Aditya_2018-08-16_2324_14_hp.WAV,0,,dominant_frequencies,matching_annotaudio_Aditya_2018-08-16_2324_14_hp.WAV,1,single
matching_annotaudio_Aditya_2018-08-16_2324_154_hp.WAV,0,1.1200000000000045,dominant_frequencies,matching_annotaudio_Aditya_2018-08-16_2324_154_hp.WAV,1,single
matching_annotaudio_Aditya_2018-08-16_2324_156_hp.WAV,0,1.240000000000009,dominant_frequencies,matching_annotaudio_Aditya_2018-08-16_2324_156_hp.WAV,1,single
matching_annotaudio_Aditya_2018-08-16_2324_159_hp.WAV,0,0.7199999999999989,dominant_frequencies,matching_annotaudio_Aditya_2018-08-16_2324_159_hp.WAV,1,single
matching_annotaudio_Aditya_2018-08-16_2324_15_hp.WAV,0,0.3299999999999983,dominant_frequencies,matching_annotaudio_Aditya_2018-08-16_2324_15_hp.WAV,1,single
matching_annotaudio_Aditya_2018-08-16_2324_169_hp.WAV,0,0.25,dominant_frequencies,matching_annotaudio_Aditya_2018-08-16_2324_169_hp.WAV,2,multiple
matching_annotaudio_Aditya_2018-08-16_2324_179_hp.WAV,0,0.7199999999999989,dominant_frequencies,matching_annotaudio_Aditya_2018-08-16_2324_179_hp.WAV,1,single
matching_annotaudio_Aditya_2018-08-16_2324_180_hp.WAV,0,1.3599999999999994,dominant_frequencies,matching_annotaudio_Aditya_2018-08-16_2324_180_hp.WAV,1,single
matching_annotaudio_Aditya_2018-08-16_2324_181_hp.WAV,0,1.4000000000000057,dominant_frequencies,matching_annotaudio_Aditya_2018-08-16_2324_181_hp.WAV,1,single
matching_annotaudio_Aditya_2018-08-16_2324_182_hp.WAV,0,4.560000000000002,dominant_frequencies,matching_annotaudio_Aditya_2018-08-16_2324_182_hp.WAV,2,multiple
matching_annotaudio_Aditya_2018-08-16_2324_18_hp.WAV,0,5.719999999999999,dominant_frequencies,matching_annotaudio_Aditya_2018-08-16_2324_18_hp.WAV,2,multiple
matching_annotaudio_Aditya_2018-08-16_2324_196_hp.WAV,0,0.6799999999999926,dominant_frequencies,matching_annotaudio_Aditya_2018-08-16_2324_196_hp.WAV,1,single
matching_annotaudio_Aditya_2018-08-16_2324_197_hp.WAV,0,0.5,dominant_frequencies,matching_annotaudio_Aditya_2018-08-16_2324_197_hp.WAV,1,single
matching_annotaudio_Aditya_2018-08-16_2324_198_hp.WAV,0,1.25,dominant_frequencies,matching_annotaudio_Aditya_2018-08-16_2324_198_hp.WAV,1,single
matching_annotaudio_Aditya_2018-08-16_2324_199_hp.WAV,0,0.4200000000000017,dominant_frequencies,matching_annotaudio_Aditya_2018-08-16_2324_199_hp.WAV,1,single
matching_annotaudio_Aditya_2018-08-16_2324_202_hp.WAV,0,0.7599999999999909,dominant_frequencies,matching_annotaudio_Aditya_2018-08-16_2324_202_hp.WAV,1,single
matching_annotaudio_Aditya_2018-08-16_2324_204_hp.WAV,0,1.0,dominant_frequencies,matching_annotaudio_Aditya_2018-08-16_2324_204_hp.WAV,1,single
matching_annotaudio_Aditya_2018-08-16_2324_207_hp.WAV,0,2.0600000000000023,dominant_frequencies,matching_annotaudio_Aditya_2018-08-16_2324_207_hp.WAV,2,multiple
matching_annotaudio_Aditya_2018-08-16_2324_20_hp.WAV,0,5.579999999999998,dominant_frequencies,matching_annotaudio_Aditya_2018-08-16_2324_20_hp.WAV,2,multiple
matching_annotaudio_Aditya_2018-08-16_2324_211_hp.WAV,0,2.700000000000003,dominant_frequencies,matching_annotaudio_Aditya_2018-08-16_2324_211_hp.WAV,1,single
matching_annotaudio_Aditya_2018-08-16_2324_216_hp.WAV,0,3.1200000000000045,dominant_frequencies,matching_annotaudio_Aditya_2018-08-16_2324_216_hp.WAV,2,multiple
matching_annotaudio_Aditya_2018-08-16_2324_217_hp.WAV,0,3.200000000000003,dominant_frequencies,matching_annotaudio_Aditya_2018-08-16_2324_217_hp.WAV,2,multiple
matching_annotaudio_Aditya_2018-08-16_2324_218_hp.WAV,0,4.409999999999997,dominant_frequencies,matching_annotaudio_Aditya_2018-08-16_2324_218_hp.WAV,3,multiple
matching_annotaudio_Aditya_2018-08-16_2324_223_hp.WAV,0,4.159999999999997,dominant_frequencies,matching_annotaudio_Aditya_2018-08-16_2324_223_hp.WAV,2,multiple
matching_annotaudio_Aditya_2018-08-16_2324_229_hp.WAV,0,1.1999999999999886,dominant_frequencies,matching_annotaudio_Aditya_2018-08-16_2324_229_hp.WAV,2,multiple
matching_annotaudio_Aditya_2018-08-16_2324_22_hp.WAV,0,5.700000000000003,dominant_frequencies,matching_annotaudio_Aditya_2018-08-16_2324_22_hp.WAV,2,multiple
matching_annotaudio_Aditya_2018-08-16_2324_235_hp.WAV,0,0.35999999999999943,dominant_frequencies,matching_annotaudio_Aditya_2018-08-16_2324_235_hp.WAV,1,single
matching_annotaudio_Aditya_2018-08-16_2324_236_hp.WAV,0,1.5999999999999943,dominant_frequencies,matching_annotaudio_Aditya_2018-08-16_2324_236_hp.WAV,1,single
matching_annotaudio_Aditya_2018-08-16_2324_23_hp.WAV,0,5.319999999999993,dominant_frequencies,matching_annotaudio_Aditya_2018-08-16_2324_23_hp.WAV,2,multiple
matching_annotaudio_Aditya_2018-08-16_2324_248_hp.WAV,0,1.2000000000000028,dominant_frequencies,matching_annotaudio_Aditya_2018-08-16_2324_248_hp.WAV,1,single
matching_annotaudio_Aditya_2018-08-16_2324_250_hp.WAV,0,,dominant_frequencies,matching_annotaudio_Aditya_2018-08-16_2324_250_hp.WAV,1,single
matching_annotaudio_Aditya_2018-08-16_2324_252_hp.WAV,0,,dominant_frequencies,matching_annotaudio_Aditya_2018-08-16_2324_252_hp.WAV,1,single
matching_annotaudio_Aditya_2018-08-16_2324_254_hp.WAV,0,,dominant_frequencies,matching_annotaudio_Aditya_2018-08-16_2324_254_hp.WAV,1,single
matching_annotaudio_Aditya_2018-08-16_2324_255_hp.WAV,0,0.8199999999999932,dominant_frequencies,matching_annotaudio_Aditya_2018-08-16_2324_255_hp.WAV,1,single
matching_annotaudio_Aditya_2018-08-16_2324_256_hp.WAV,0,0.4299999999999926,dominant_frequencies,matching_annotaudio_Aditya_2018-08-16_2324_256_hp.WAV,1,single
matching_annotaudio_Aditya_2018-08-16_2324_257_hp.WAV,0,0.8799999999999955,dominant_frequencies,matching_annotaudio_Aditya_2018-08-16_2324_257_hp.WAV,1,single
matching_annotaudio_Aditya_2018-08-16_2324_260_hp.WAV,0,0.8599999999999994,dominant_frequencies,matching_annotaudio_Aditya_2018-08-16_2324_260_hp.WAV,1,single
matching_annotaudio_Aditya_2018-08-16_2324_26_hp.WAV,0,4.97999999999999,dominant_frequencies,matching_annotaudio_Aditya_2018-08-16_2324_26_hp.WAV,2,multiple
matching_annotaudio_Aditya_2018-08-16_2324_280_hp.WAV,0,0.21000000000000796,dominant_frequencies,matching_annotaudio_Aditya_2018-08-16_2324_280_hp.WAV,1,single
matching_annotaudio_Aditya_2018-08-16_2324_285_hp.WAV,0,,dominant_frequencies,matching_annotaudio_Aditya_2018-08-16_2324_285_hp.WAV,1,single
matching_annotaudio_Aditya_2018-08-16_2324_287_hp.WAV,0,0.3500000000000085,dominant_frequencies,matching_annotaudio_Aditya_2018-08-16_2324_287_hp.WAV,1,single
matching_annotaudio_Aditya_2018-08-16_2324_28_hp.WAV,0,4.459999999999994,dominant_frequencies,matching_annotaudio_Aditya_2018-08-16_2324_28_hp.WAV,2,multiple
matching_annotaudio_Aditya_2018-08-16_2324_29_hp.WAV,0,0.14999999999999147,dominant_frequencies,matching_annotaudio_Aditya_2018-08-16_2324_29_hp.WAV,1,single
matching_annotaudio_Aditya_2018-08-16_2324_30_hp.WAV,0,2.1000000000000085,dominant_frequencies,matching_annotaudio_Aditya_2018-08-16_2324_30_hp.WAV,1,single
matching_annotaudio_Aditya_2018-08-16_2324_31_hp.WAV,0,3.0,dominant_frequencies,matching_annotaudio_Aditya_2018-08-16_2324_31_hp.WAV,2,multiple
matching_annotaudio_Aditya_2018-08-16_2324_41_hp.WAV,0,0.7000000000000028,dominant_frequencies,matching_annotaudio_Aditya_2018-08-16_2324_41_hp.WAV,2,multiple
matching_annotaudio_Aditya_2018-08-16_2324_49_hp.WAV,0,5.409999999999997,dominant_frequencies,matching_annotaudio_Aditya_2018-08-16_2324_49_hp.WAV,3,multiple
matching_annotaudio_Aditya_2018-08-16_2324_52_hp.WAV,0,0.7400000000000091,dominant_frequencies,matching_annotaudio_Aditya_2018-08-16_2324_52_hp.WAV,2,multiple
matching_annotaudio_Aditya_2018-08-16_2324_59_hp.WAV,0,3.1299999999999955,dominant_frequencies,matching_annotaudio_Aditya_2018-08-16_2324_59_hp.WAV,3,multiple
matching_annotaudio_Aditya_2018-08-16_2324_61_hp.WAV,0,0.8199999999999932,dominant_frequencies,matching_annotaudio_Aditya_2018-08-16_2324_61_hp.WAV,1,single
matching_annotaudio_Aditya_2018-08-16_2324_68_hp.WAV,0,0.29999999999999716,dominant_frequencies,matching_annotaudio_Aditya_2018-08-16_2324_68_hp.WAV,1,single
matching_annotaudio_Aditya_2018-08-16_2324_69_hp.WAV,0,2.1400000000000006,dominant_frequencies,matching_annotaudio_Aditya_2018-08-16_2324_69_hp.WAV,1,single
matching_annotaudio_Aditya_2018-08-16_2324_7_hp.WAV,0,2.549999999999997,dominant_frequencies,matching_annotaudio_Aditya_2018-08-16_2324_7_hp.WAV,2,multiple
matching_annotaudio_Aditya_2018-08-16_2324_80_hp.WAV,0,2.280000000000001,dominant_frequencies,matching_annotaudio_Aditya_2018-08-16_2324_80_hp.WAV,1,single
matching_annotaudio_Aditya_2018-08-16_2324_84_hp.WAV,0,,dominant_frequencies,matching_annotaudio_Aditya_2018-08-16_2324_84_hp.WAV,1,single
matching_annotaudio_Aditya_2018-08-16_2324_85_hp.WAV,0,1.4200000000000017,dominant_frequencies,matching_annotaudio_Aditya_2018-08-16_2324_85_hp.WAV,1,single
matching_annotaudio_Aditya_2018-08-16_2324_86_hp.WAV,0,2.3200000000000074,dominant_frequencies,matching_annotaudio_Aditya_2018-08-16_2324_86_hp.WAV,1,single
matching_annotaudio_Aditya_2018-08-16_2324_88_hp.WAV,0,1.9399999999999977,dominant_frequencies,matching_annotaudio_Aditya_2018-08-16_2324_88_hp.WAV,1,single
matching_annotaudio_Aditya_2018-08-16_2324_90_hp.WAV,0,1.9000000000000057,dominant_frequencies,matching_annotaudio_Aditya_2018-08-16_2324_90_hp.WAV,1,single
matching_annotaudio_Aditya_2018-08-16_2324_91_hp.WAV,0,2.200000000000003,dominant_frequencies,matching_annotaudio_Aditya_2018-08-16_2324_91_hp.WAV,1,single
matching_annotaudio_Aditya_2018-08-16_2324_92_hp.WAV,0,1.0300000000000011,dominant_frequencies,matching_annotaudio_Aditya_2018-08-16_2324_92_hp.WAV,1,single
matching_annotaudio_Aditya_2018-08-16_2324_94_hp.WAV,0,0.8199999999999932,dominant_frequencies,matching_annotaudio_Aditya_2018-08-16_2324_94_hp.WAV,1,single
matching_annotaudio_Aditya_2018-08-16_2324_95_hp.WAV,0,0.4899999999999949,dominant_frequencies,matching_annotaudio_Aditya_2018-08-16_2324_95_hp.WAV,1,single
matching_annotaudio_Aditya_2018-08-17_01_10_hp.WAV,0,0.20000000000000284,dominant_frequencies,matching_annotaudio_Aditya_2018-08-17_01_10_hp.WAV,1,single
matching_annotaudio_Aditya_2018-08-17_01_13_hp.WAV,0,0.06999999999999318,dominant_frequencies,matching_annotaudio_Aditya_2018-08-17_01_13_hp.WAV,1,single
matching_annotaudio_Aditya_2018-08-17_01_14_hp.WAV,0,0.06999999999999318,dominant_frequencies,matching_annotaudio_Aditya_2018-08-17_01_14_hp.WAV,1,single
matching_annotaudio_Aditya_2018-08-17_01_16_hp.WAV,0,0.39000000000000057,dominant_frequencies,matching_annotaudio_Aditya_2018-08-17_01_16_hp.WAV,1,single
matching_annotaudio_Aditya_2018-08-17_01_24_hp.WAV,0,2.019999999999996,dominant_frequencies,matching_annotaudio_Aditya_2018-08-17_01_24_hp.WAV,2,multiple
matching_annotaudio_Aditya_2018-08-17_01_28_hp.WAV,0,5.400000000000006,dominant_frequencies,matching_annotaudio_Aditya_2018-08-17_01_28_hp.WAV,4,multiple
matching_annotaudio_Aditya_2018-08-17_01_29_hp.WAV,0,1.8900000000000006,dominant_frequencies,matching_annotaudio_Aditya_2018-08-17_01_29_hp.WAV,3,multiple
matching_annotaudio_Aditya_2018-08-17_01_32_hp.WAV,0,0.1799999999999926,dominant_frequencies,matching_annotaudio_Aditya_2018-08-17_01_32_hp.WAV,1,single
matching_annotaudio_Aditya_2018-08-17_01_33_hp.WAV,0,0.7800000000000011,dominant_frequencies,matching_annotaudio_Aditya_2018-08-17_01_33_hp.WAV,1,single
matching_annotaudio_Aditya_2018-08-17_01_34_hp.WAV,0,0.10000000000000853,dominant_frequencies,matching_annotaudio_Aditya_2018-08-17_01_34_hp.WAV,1,single
matching_annotaudio_Aditya_2018-08-17_01_36_hp.WAV,0,1.0,dominant_frequencies,matching_annotaudio_Aditya_2018-08-17_01_36_hp.WAV,1,single
matching_annotaudio_Aditya_2018-08-17_01_37_hp.WAV,0,,dominant_frequencies,matching_annotaudio_Aditya_2018-08-17_01_37_hp.WAV,1,single
matching_annotaudio_Aditya_2018-08-17_01_39_hp.WAV,0,3.719999999999999,dominant_frequencies,matching_annotaudio_Aditya_2018-08-17_01_39_hp.WAV,2,multiple
matching_annotaudio_Aditya_2018-08-17_01_40_hp.WAV,0,1.0600000000000023,dominant_frequencies,matching_annotaudio_Aditya_2018-08-17_01_40_hp.WAV,1,single
matching_annotaudio_Aditya_2018-08-17_01_44_hp.WAV,0,2.5400000000000063,dominant_frequencies,matching_annotaudio_Aditya_2018-08-17_01_44_hp.WAV,2,multiple
matching_annotaudio_Aditya_2018-08-17_01_46_hp.WAV,0,0.9099999999999966,dominant_frequencies,matching_annotaudio_Aditya_2018-08-17_01_46_hp.WAV,1,single
matching_annotaudio_Aditya_2018-08-17_01_47_hp.WAV,0,2.200000000000003,dominant_frequencies,matching_annotaudio_Aditya_2018-08-17_01_47_hp.WAV,2,multiple
matching_annotaudio_Aditya_2018-08-17_01_57_hp.WAV,0,0.539999999999992,dominant_frequencies,matching_annotaudio_Aditya_2018-08-17_01_57_hp.WAV,1,single
matching_annotaudio_Aditya_2018-08-17_01_58_hp.WAV,0,2.1599999999999966,dominant_frequencies,matching_annotaudio_Aditya_2018-08-17_01_58_hp.WAV,1,single
matching_annotaudio_Aditya_2018-08-17_01_65_hp.WAV,0,0.060000000000002274,dominant_frequencies,matching_annotaudio_Aditya_2018-08-17_01_65_hp.WAV,1,single
matching_annotaudio_Aditya_2018-08-17_01_75_hp.WAV,0,0.8800000000000097,dominant_frequencies,matching_annotaudio_Aditya_2018-08-17_01_75_hp.WAV,2,multiple
matching_annotaudio_Aditya_2018-08-17_01_76_hp.WAV,0,,dominant_frequencies,matching_annotaudio_Aditya_2018-08-17_01_76_hp.WAV,1,single
matching_annotaudio_Aditya_2018-08-17_01_77_hp.WAV,0,1.3799999999999955,dominant_frequencies,matching_annotaudio_Aditya_2018-08-17_01_77_hp.WAV,1,single
matching_annotaudio_Aditya_2018-08-17_01_80_hp.WAV,0,1.3200000000000074,dominant_frequencies,matching_annotaudio_Aditya_2018-08-17_01_80_hp.WAV,1,single
matching_annotaudio_Aditya_2018-08-17_01_81_hp.WAV,0,0.1599999999999966,dominant_frequencies,matching_annotaudio_Aditya_2018-08-17_01_81_hp.WAV,1,single
matching_annotaudio_Aditya_2018-08-17_01_82_hp.WAV,0,1.0999999999999943,dominant_frequencies,matching_annotaudio_Aditya_2018-08-17_01_82_hp.WAV,1,single
matching_annotaudio_Aditya_2018-08-17_01_83_hp.WAV,0,0.8400000000000034,dominant_frequencies,matching_annotaudio_Aditya_2018-08-17_01_83_hp.WAV,1,single
matching_annotaudio_Aditya_2018-08-17_01_84_hp.WAV,0,1.1700000000000017,dominant_frequencies,matching_annotaudio_Aditya_2018-08-17_01_84_hp.WAV,1,single
matching_annotaudio_Aditya_2018-08-17_12_100_hp.WAV,0,,dominant_frequencies,matching_annotaudio_Aditya_2018-08-17_12_100_hp.WAV,1,single
matching_annotaudio_Aditya_2018-08-17_12_101_hp.WAV,0,,dominant_frequencies,matching_annotaudio_Aditya_2018-08-17_12_101_hp.WAV,1,single
matching_annotaudio_Aditya_2018-08-17_12_103_hp.WAV,0,1.009999999999991,dominant_frequencies,matching_annotaudio_Aditya_2018-08-17_12_103_hp.WAV,1,single
matching_annotaudio_Aditya_2018-08-17_12_104_hp.WAV,0,2.3999999999999915,dominant_frequencies,matching_annotaudio_Aditya_2018-08-17_12_104_hp.WAV,1,single
matching_annotaudio_Aditya_2018-08-17_12_110_hp.WAV,0,1.6599999999999966,dominant_frequencies,matching_annotaudio_Aditya_2018-08-17_12_110_hp.WAV,1,single
matching_annotaudio_Aditya_2018-08-17_12_115_hp.WAV,0,1.7999999999999972,dominant_frequencies,matching_annotaudio_Aditya_2018-08-17_12_115_hp.WAV,1,single
matching_annotaudio_Aditya_2018-08-17_12_116_hp.WAV,0,2.280000000000001,dominant_frequencies,matching_annotaudio_Aditya_2018-08-17_12_116_hp.WAV,1,single
matching_annotaudio_Aditya_2018-08-17_12_117_hp.WAV,0,1.1999999999999886,dominant_frequencies,matching_annotaudio_Aditya_2018-08-17_12_117_hp.WAV,1,single
matching_annotaudio_Aditya_2018-08-17_12_118_hp.WAV,0,1.4099999999999966,dominant_frequencies,matching_annotaudio_Aditya_2018-08-17_12_118_hp.WAV,1,single
matching_annotaudio_Aditya_2018-08-17_12_122_hp.WAV,0,1.2000000000000028,dominant_frequencies,matching_annotaudio_Aditya_2018-08-17_12_122_hp.WAV,1,single
matching_annotaudio_Aditya_2018-08-17_12_15_hp.WAV,0,2.0600000000000023,dominant_frequencies,matching_annotaudio_Aditya_2018-08-17_12_15_hp.WAV,1,single
matching_annotaudio_Aditya_2018-08-17_12_16_hp.WAV,0,0.8400000000000034,dominant_frequencies,matching_annotaudio_Aditya_2018-08-17_12_16_hp.WAV,1,single
matching_annotaudio_Aditya_2018-08-17_12_21_hp.WAV,0,1.7800000000000011,dominant_frequencies,matching_annotaudio_Aditya_2018-08-17_12_21_hp.WAV,1,single
matching_annotaudio_Aditya_2018-08-17_12_29_hp.WAV,0,1.0100000000000051,dominant_frequencies,matching_annotaudio_Aditya_2018-08-17_12_29_hp.WAV,1,single
matching_annotaudio_Aditya_2018-08-17_12_2_hp.WAV,0,1.0400000000000063,dominant_frequencies,matching_annotaudio_Aditya_2018-08-17_12_2_hp.WAV,1,single
matching_annotaudio_Aditya_2018-08-17_12_33_hp.WAV,0,1.8299999999999983,dominant_frequencies,matching_annotaudio_Aditya_2018-08-17_12_33_hp.WAV,1,single
matching_annotaudio_Aditya_2018-08-17_12_39_hp.WAV,0,0.8799999999999955,dominant_frequencies,matching_annotaudio_Aditya_2018-08-17_12_39_hp.WAV,1,single
matching_annotaudio_Aditya_2018-08-17_12_44_hp.WAV,0,,dominant_frequencies,matching_annotaudio_Aditya_2018-08-17_12_44_hp.WAV,1,single
matching_annotaudio_Aditya_2018-08-17_12_4_hp.WAV,0,0.7800000000000011,dominant_frequencies,matching_annotaudio_Aditya_2018-08-17_12_4_hp.WAV,1,single
matching_annotaudio_Aditya_2018-08-17_12_50_hp.WAV,0,0.7199999999999989,dominant_frequencies,matching_annotaudio_Aditya_2018-08-17_12_50_hp.WAV,1,single
matching_annotaudio_Aditya_2018-08-17_12_53_hp.WAV,0,0.4000000000000057,dominant_frequencies,matching_annotaudio_Aditya_2018-08-17_12_53_hp.WAV,1,single
matching_annotaudio_Aditya_2018-08-17_12_68_hp.WAV,0,2.1200000000000045,dominant_frequencies,matching_annotaudio_Aditya_2018-08-17_12_68_hp.WAV,1,single
matching_annotaudio_Aditya_2018-08-17_12_73_hp.WAV,0,,dominant_frequencies,matching_annotaudio_Aditya_2018-08-17_12_73_hp.WAV,1,single
matching_annotaudio_Aditya_2018-08-17_12_74_hp.WAV,0,0.6599999999999966,dominant_frequencies,matching_annotaudio_Aditya_2018-08-17_12_74_hp.WAV,1,single
matching_annotaudio_Aditya_2018-08-17_12_75_hp.WAV,0,2.239999999999995,dominant_frequencies,matching_annotaudio_Aditya_2018-08-17_12_75_hp.WAV,1,single
matching_annotaudio_Aditya_2018-08-17_12_79_hp.WAV,0,0.05999999999998806,dominant_frequencies,matching_annotaudio_Aditya_2018-08-17_12_79_hp.WAV,1,single
matching_annotaudio_Aditya_2018-08-17_12_80_hp.WAV,0,0.8200000000000074,dominant_frequencies,matching_annotaudio_Aditya_2018-08-17_12_80_hp.WAV,1,single
matching_annotaudio_Aditya_2018-08-17_12_8_hp.WAV,0,0.3199999999999932,dominant_frequencies,matching_annotaudio_Aditya_2018-08-17_12_8_hp.WAV,1,single
matching_annotaudio_Aditya_2018-08-17_23_100_hp.WAV,0,0.8599999999999994,dominant_frequencies,matching_annotaudio_Aditya_2018-08-17_23_100_hp.WAV,1,single
matching_annotaudio_Aditya_2018-08-17_23_105_hp.WAV,0,0.6400000000000006,dominant_frequencies,matching_annotaudio_Aditya_2018-08-17_23_105_hp.WAV,1,single
matching_annotaudio_Aditya_2018-08-17_23_110_hp.WAV,0,0.37999999999999545,dominant_frequencies,matching_annotaudio_Aditya_2018-08-17_23_110_hp.WAV,1,single
matching_annotaudio_Aditya_2018-08-17_23_113_hp.WAV,0,0.7000000000000028,dominant_frequencies,matching_annotaudio_Aditya_2018-08-17_23_113_hp.WAV,1,single
matching_annotaudio_Aditya_2018-08-17_23_115_hp.WAV,0,3.0900000000000034,dominant_frequencies,matching_annotaudio_Aditya_2018-08-17_23_115_hp.WAV,3,multiple
matching_annotaudio_Aditya_2018-08-17_23_117_hp.WAV,0,1.279999999999987,dominant_frequencies,matching_annotaudio_Aditya_2018-08-17_23_117_hp.WAV,1,single
matching_annotaudio_Aditya_2018-08-17_23_133_hp.WAV,0,1.4200000000000017,dominant_frequencies,matching_annotaudio_Aditya_2018-08-17_23_133_hp.WAV,1,single
matching_annotaudio_Aditya_2018-08-17_23_134_hp.WAV,0,,dominant_frequencies,matching_annotaudio_Aditya_2018-08-17_23_134_hp.WAV,1,single
matching_annotaudio_Aditya_2018-08-17_23_137_hp.WAV,0,3.480000000000004,dominant_frequencies,matching_annotaudio_Aditya_2018-08-17_23_137_hp.WAV,2,multiple
matching_annotaudio_Aditya_2018-08-17_23_138_hp.WAV,0,0.9500000000000028,dominant_frequencies,matching_annotaudio_Aditya_2018-08-17_23_138_hp.WAV,1,single
matching_annotaudio_Aditya_2018-08-17_23_139_hp.WAV,0,1.0,dominant_frequencies,matching_annotaudio_Aditya_2018-08-17_23_139_hp.WAV,1,single
matching_annotaudio_Aditya_2018-08-17_23_146_hp.WAV,0,1.2000000000000028,dominant_frequencies,matching_annotaudio_Aditya_2018-08-17_23_146_hp.WAV,1,single
matching_annotaudio_Aditya_2018-08-17_23_155_hp.WAV,0,1.3999999999999915,dominant_frequencies,matching_annotaudio_Aditya_2018-08-17_23_155_hp.WAV,1,single
matching_annotaudio_Aditya_2018-08-17_23_157_hp.WAV,0,5.170000000000002,dominant_frequencies,matching_annotaudio_Aditya_2018-08-17_23_157_hp.WAV,2,multiple
matching_annotaudio_Aditya_2018-08-17_23_167_hp.WAV,0,1.019999999999996,dominant_frequencies,matching_annotaudio_Aditya_2018-08-17_23_167_hp.WAV,1,single
matching_annotaudio_Aditya_2018-08-17_23_168_hp.WAV,0,0.7199999999999989,dominant_frequencies,matching_annotaudio_Aditya_2018-08-17_23_168_hp.WAV,1,single
matching_annotaudio_Aditya_2018-08-17_23_170_hp.WAV,0,3.280000000000001,dominant_frequencies,matching_annotaudio_Aditya_2018-08-17_23_170_hp.WAV,2,multiple
matching_annotaudio_Aditya_2018-08-17_23_172_hp.WAV,0,1.9699999999999989,dominant_frequencies,matching_annotaudio_Aditya_2018-08-17_23_172_hp.WAV,2,multiple
matching_annotaudio_Aditya_2018-08-17_23_173_hp.WAV,0,2.3700000000000045,dominant_frequencies,matching_annotaudio_Aditya_2018-08-17_23_173_hp.WAV,3,multiple
matching_annotaudio_Aditya_2018-08-17_23_185_hp.WAV,0,2.719999999999999,dominant_frequencies,matching_annotaudio_Aditya_2018-08-17_23_185_hp.WAV,1,single
matching_annotaudio_Aditya_2018-08-17_23_186_hp.WAV,0,1.019999999999996,dominant_frequencies,matching_annotaudio_Aditya_2018-08-17_23_186_hp.WAV,1,single
matching_annotaudio_Aditya_2018-08-17_23_187_hp.WAV,0,1.25,dominant_frequencies,matching_annotaudio_Aditya_2018-08-17_23_187_hp.WAV,1,single
matching_annotaudio_Aditya_2018-08-17_23_193_hp.WAV,0,1.1099999999999994,dominant_frequencies,matching_annotaudio_Aditya_2018-08-17_23_193_hp.WAV,1,single
matching_annotaudio_Aditya_2018-08-17_23_196_hp.WAV,0,3.960000000000008,dominant_frequencies,matching_annotaudio_Aditya_2018-08-17_23_196_hp.WAV,2,multiple
matching_annotaudio_Aditya_2018-08-17_23_26_hp.WAV,0,0.6899999999999977,dominant_frequencies,matching_annotaudio_Aditya_2018-08-17_23_26_hp.WAV,1,single
matching_annotaudio_Aditya_2018-08-17_23_28_hp.WAV,0,2.5600000000000023,dominant_frequencies,matching_annotaudio_Aditya_2018-08-17_23_28_hp.WAV,1,single
matching_annotaudio_Aditya_2018-08-17_23_30_hp.WAV,0,1.7199999999999989,dominant_frequencies,matching_annotaudio_Aditya_2018-08-17_23_30_hp.WAV,1,single
matching_annotaudio_Aditya_2018-08-17_23_37_hp.WAV,0,1.0900000000000034,dominant_frequencies,matching_annotaudio_Aditya_2018-08-17_23_37_hp.WAV,1,single
matching_annotaudio_Aditya_2018-08-17_23_42_hp.WAV,0,0.030000000000001137,dominant_frequencies,matching_annotaudio_Aditya_2018-08-17_23_42_hp.WAV,3,multiple
matching_annotaudio_Aditya_2018-08-17_23_45_hp.WAV,0,1.5400000000000063,dominant_frequencies,matching_annotaudio_Aditya_2018-08-17_23_45_hp.WAV,1,single
matching_annotaudio_Aditya_2018-08-17_23_53_hp.WAV,0,2.5400000000000063,dominant_frequencies,matching_annotaudio_Aditya_2018-08-17_23_53_hp.WAV,1,single
matching_annotaudio_Aditya_2018-08-17_23_56_hp.WAV,0,2.0600000000000023,dominant_frequencies,matching_annotaudio_Aditya_2018-08-17_23_56_hp.WAV,2,multiple
matching_annotaudio_Aditya_2018-08-17_23_58_hp.WAV,0,0.4000000000000057,dominant_frequencies,matching_annotaudio_Aditya_2018-08-17_23_58_hp.WAV,1,single
matching_annotaudio_Aditya_2018-08-17_23_65_hp.WAV,0,3.799999999999997,dominant_frequencies,matching_annotaudio_Aditya_2018-08-17_23_65_hp.WAV,2,multiple
matching_annotaudio_Aditya_2018-08-17_23_68_hp.WAV,0,7.340000000000003,dominant_frequencies,matching_annotaudio_Aditya_2018-08-17_23_68_hp.WAV,2,multiple
matching_annotaudio_Aditya_2018-08-17_23_69_hp.WAV,0,7.019999999999996,dominant_frequencies,matching_annotaudio_Aditya_2018-08-17_23_69_hp.WAV,3,multiple
matching_annotaudio_Aditya_2018-08-17_23_70_hp.WAV,0,4.400000000000006,dominant_frequencies,matching_annotaudio_Aditya_2018-08-17_23_70_hp.WAV,4,multiple
matching_annotaudio_Aditya_2018-08-17_23_71_hp.WAV,0,6.900000000000006,dominant_frequencies,matching_annotaudio_Aditya_2018-08-17_23_71_hp.WAV,4,multiple
matching_annotaudio_Aditya_2018-08-17_23_75_hp.WAV,0,1.4200000000000017,dominant_frequencies,matching_annotaudio_Aditya_2018-08-17_23_75_hp.WAV,1,single
matching_annotaudio_Aditya_2018-08-17_23_78_hp.WAV,0,7.469999999999999,dominant_frequencies,matching_annotaudio_Aditya_2018-08-17_23_78_hp.WAV,3,multiple
matching_annotaudio_Aditya_2018-08-17_23_81_hp.WAV,0,0.3500000000000085,dominant_frequencies,matching_annotaudio_Aditya_2018-08-17_23_81_hp.WAV,1,single
matching_annotaudio_Aditya_2018-08-17_23_82_hp.WAV,0,0.6600000000000108,dominant_frequencies,matching_annotaudio_Aditya_2018-08-17_23_82_hp.WAV,1,single
matching_annotaudio_Aditya_2018-08-17_23_91_hp.WAV,0,1.0799999999999983,dominant_frequencies,matching_annotaudio_Aditya_2018-08-17_23_91_hp.WAV,1,single
matching_annotaudio_Aditya_2018-08-17_23_92_hp.WAV,0,1.490000000000009,dominant_frequencies,matching_annotaudio_Aditya_2018-08-17_23_92_hp.WAV,1,single
matching_annotaudio_Aditya_2018-08-17_34_120_hp.WAV,0,0.45999999999999375,dominant_frequencies,matching_annotaudio_Aditya_2018-08-17_34_120_hp.WAV,1,single
matching_annotaudio_Aditya_2018-08-17_34_12_hp.WAV,0,0.01999999999999602,dominant_frequencies,matching_annotaudio_Aditya_2018-08-17_34_12_hp.WAV,1,single
matching_annotaudio_Aditya_2018-08-17_34_133_hp.WAV,0,0.7399999999999949,dominant_frequencies,matching_annotaudio_Aditya_2018-08-17_34_133_hp.WAV,1,single
matching_annotaudio_Aditya_2018-08-17_34_143_hp.WAV,0,0.0799999999999983,dominant_frequencies,matching_annotaudio_Aditya_2018-08-17_34_143_hp.WAV,1,single
matching_annotaudio_Aditya_2018-08-17_34_147_hp.WAV,0,0.9300000000000068,dominant_frequencies,matching_annotaudio_Aditya_2018-08-17_34_147_hp.WAV,1,single
matching_annotaudio_Aditya_2018-08-17_34_151_hp.WAV,0,0.2799999999999869,dominant_frequencies,matching_annotaudio_Aditya_2018-08-17_34_151_hp.WAV,1,single
matching_annotaudio_Aditya_2018-08-17_34_156_hp.WAV,0,3.8799999999999955,dominant_frequencies,matching_annotaudio_Aditya_2018-08-17_34_156_hp.WAV,4,multiple
matching_annotaudio_Aditya_2018-08-17_34_157_hp.WAV,0,1.1899999999999977,dominant_frequencies,matching_annotaudio_Aditya_2018-08-17_34_157_hp.WAV,3,multiple
matching_annotaudio_Aditya_2018-08-17_34_168_hp.WAV,0,1.4100000000000108,dominant_frequencies,matching_annotaudio_Aditya_2018-08-17_34_168_hp.WAV,1,single
matching_annotaudio_Aditya_2018-08-17_34_170_hp.WAV,0,0.7999999999999972,dominant_frequencies,matching_annotaudio_Aditya_2018-08-17_34_170_hp.WAV,1,single
matching_annotaudio_Aditya_2018-08-17_34_18_hp.WAV,0,1.4500000000000028,dominant_frequencies,matching_annotaudio_Aditya_2018-08-17_34_18_hp.WAV,1,single
matching_annotaudio_Aditya_2018-08-17_34_19_hp.WAV,0,2.3499999999999943,dominant_frequencies,matching_annotaudio_Aditya_2018-08-17_34_19_hp.WAV,1,single
matching_annotaudio_Aditya_2018-08-17_34_201_hp.WAV,0,0.1799999999999926,dominant_frequencies,matching_annotaudio_Aditya_2018-08-17_34_201_hp.WAV,1,single
matching_annotaudio_Aditya_2018-08-17_34_208_hp.WAV,0,,dominant_frequencies,matching_annotaudio_Aditya_2018-08-17_34_208_hp.WAV,1,single
matching_annotaudio_Aditya_2018-08-17_34_211_hp.WAV,0,,dominant_frequencies,matching_annotaudio_Aditya_2018-08-17_34_211_hp.WAV,1,single
matching_annotaudio_Aditya_2018-08-17_34_21_hp.WAV,0,1.1099999999999994,dominant_frequencies,matching_annotaudio_Aditya_2018-08-17_34_21_hp.WAV,2,multiple
matching_annotaudio_Aditya_2018-08-17_34_27_hp.WAV,0,0.060000000000002274,dominant_frequencies,matching_annotaudio_Aditya_2018-08-17_34_27_hp.WAV,1,single
matching_annotaudio_Aditya_2018-08-17_34_2_hp.WAV,0,1.1700000000000017,dominant_frequencies,matching_annotaudio_Aditya_2018-08-17_34_2_hp.WAV,1,single
matching_annotaudio_Aditya_2018-08-17_34_32_hp.WAV,0,3.980000000000004,dominant_frequencies,matching_annotaudio_Aditya_2018-08-17_34_32_hp.WAV,2,multiple
matching_annotaudio_Aditya_2018-08-17_34_35_hp.WAV,0,2.9599999999999937,dominant_frequencies,matching_annotaudio_Aditya_2018-08-17_34_35_hp.WAV,2,multiple
matching_annotaudio_Aditya_2018-08-17_34_38_hp.WAV,0,3.6799999999999926,dominant_frequencies,matching_annotaudio_Aditya_2018-08-17_34_38_hp.WAV,2,multiple
matching_annotaudio_Aditya_2018-08-17_34_40_hp.WAV,0,2.5800000000000125,dominant_frequencies,matching_annotaudio_Aditya_2018-08-17_34_40_hp.WAV,1,single
matching_annotaudio_Aditya_2018-08-17_34_41_hp.WAV,0,1.6599999999999966,dominant_frequencies,matching_annotaudio_Aditya_2018-08-17_34_41_hp.WAV,1,single
matching_annotaudio_Aditya_2018-08-17_34_49_hp.WAV,0,1.2700000000000102,dominant_frequencies,matching_annotaudio_Aditya_2018-08-17_34_49_hp.WAV,1,single
matching_annotaudio_Aditya_2018-08-17_34_4_hp.WAV,0,6.280000000000001,dominant_frequencies,matching_annotaudio_Aditya_2018-08-17_34_4_hp.WAV,2,multiple
matching_annotaudio_Aditya_2018-08-17_34_51_hp.WAV,0,1.5200000000000102,dominant_frequencies,matching_annotaudio_Aditya_2018-08-17_34_51_hp.WAV,1,single
matching_annotaudio_Aditya_2018-08-17_34_52_hp.WAV,0,1.6599999999999966,dominant_frequencies,matching_annotaudio_Aditya_2018-08-17_34_52_hp.WAV,1,single
matching_annotaudio_Aditya_2018-08-17_34_54_hp.WAV,0,1.009999999999991,dominant_frequencies,matching_annotaudio_Aditya_2018-08-17_34_54_hp.WAV,1,single
matching_annotaudio_Aditya_2018-08-17_34_55_hp.WAV,0,0.5,dominant_frequencies,matching_annotaudio_Aditya_2018-08-17_34_55_hp.WAV,1,single
matching_annotaudio_Aditya_2018-08-17_34_56_hp.WAV,0,0.519999999999996,dominant_frequencies,matching_annotaudio_Aditya_2018-08-17_34_56_hp.WAV,1,single
matching_annotaudio_Aditya_2018-08-17_34_61_hp.WAV,0,,dominant_frequencies,matching_annotaudio_Aditya_2018-08-17_34_61_hp.WAV,1,single
matching_annotaudio_Aditya_2018-08-17_34_64_hp.WAV,0,2.8800000000000097,dominant_frequencies,matching_annotaudio_Aditya_2018-08-17_34_64_hp.WAV,2,multiple
matching_annotaudio_Aditya_2018-08-17_34_69_hp.WAV,0,0.45999999999999375,dominant_frequencies,matching_annotaudio_Aditya_2018-08-17_34_69_hp.WAV,1,single
matching_annotaudio_Aditya_2018-08-17_34_72_hp.WAV,0,2.8699999999999903,dominant_frequencies,matching_annotaudio_Aditya_2018-08-17_34_72_hp.WAV,2,multiple
matching_annotaudio_Aditya_2018-08-17_34_77_hp.WAV,0,1.25,dominant_frequencies,matching_annotaudio_Aditya_2018-08-17_34_77_hp.WAV,1,single
matching_annotaudio_Aditya_2018-08-17_34_78_hp.WAV,0,1.519999999999996,dominant_frequencies,matching_annotaudio_Aditya_2018-08-17_34_78_hp.WAV,1,single
matching_annotaudio_Aditya_2018-08-17_34_81_hp.WAV,0,7.650000000000006,dominant_frequencies,matching_annotaudio_Aditya_2018-08-17_34_81_hp.WAV,2,multiple
matching_annotaudio_Aditya_2018-08-17_45_116_hp.WAV,0,1.559999999999988,dominant_frequencies,matching_annotaudio_Aditya_2018-08-17_45_116_hp.WAV,2,multiple
matching_annotaudio_Aditya_2018-08-17_45_118_hp.WAV,0,1.5,dominant_frequencies,matching_annotaudio_Aditya_2018-08-17_45_118_hp.WAV,4,multiple
matching_annotaudio_Aditya_2018-08-17_45_119_hp.WAV,0,0.44000000000001194,dominant_frequencies,matching_annotaudio_Aditya_2018-08-17_45_119_hp.WAV,2,multiple
matching_annotaudio_Aditya_2018-08-17_45_135_hp.WAV,0,0.2400000000000091,dominant_frequencies,matching_annotaudio_Aditya_2018-08-17_45_135_hp.WAV,2,multiple
matching_annotaudio_Aditya_2018-08-17_45_162_hp.WAV,0,1.3400000000000034,dominant_frequencies,matching_annotaudio_Aditya_2018-08-17_45_162_hp.WAV,2,multiple
matching_annotaudio_Aditya_2018-08-17_45_164_hp.WAV,0,1.2999999999999972,dominant_frequencies,matching_annotaudio_Aditya_2018-08-17_45_164_hp.WAV,2,multiple
matching_annotaudio_Aditya_2018-08-17_45_211_hp.WAV,0,,dominant_frequencies,matching_annotaudio_Aditya_2018-08-17_45_211_hp.WAV,1,single
matching_annotaudio_Aditya_2018-08-17_45_342_hp.WAV,0,0.6400000000000006,dominant_frequencies,matching_annotaudio_Aditya_2018-08-17_45_342_hp.WAV,1,single
matching_annotaudio_Aditya_2018-08-17_45_5_hp.WAV,0,0.20000000000000284,dominant_frequencies,matching_annotaudio_Aditya_2018-08-17_45_5_hp.WAV,1,single
matching_annotaudio_Aditya_2018-08-17_56_11_hp.WAV,0,0.27000000000001023,dominant_frequencies,matching_annotaudio_Aditya_2018-08-17_56_11_hp.WAV,4,multiple
matching_annotaudio_Aditya_2018-08-17_56_1_hp.WAV,0,0.23999999999999488,dominant_frequencies,matching_annotaudio_Aditya_2018-08-17_56_1_hp.WAV,1,single
matching_annotaudio_Aditya_2018-08-17_56_23_hp.WAV,0,0.9300000000000068,dominant_frequencies,matching_annotaudio_Aditya_2018-08-17_56_23_hp.WAV,3,multiple
matching_annotaudio_Aditya_2018-08-17_56_31_hp.WAV,0,3.5200000000000102,dominant_frequencies,matching_annotaudio_Aditya_2018-08-17_56_31_hp.WAV,2,multiple
matching_annotaudio_Aditya_2018-08-17_56_58_hp.WAV,0,1.3599999999999994,dominant_frequencies,matching_annotaudio_Aditya_2018-08-17_56_58_hp.WAV,3,multiple
matching_annotaudio_Aditya_2018-08-17_56_78_hp.WAV,0,0.46000000000000796,dominant_frequencies,matching_annotaudio_Aditya_2018-08-17_56_78_hp.WAV,1,single
matching_annotaudio_Aditya_2018-08-17_56_96_hp.WAV,0,0.1599999999999966,dominant_frequencies,matching_annotaudio_Aditya_2018-08-17_56_96_hp.WAV,1,single
matching_annotaudio_Aditya_2018-08-19_0120-0200_104_hp.WAV,0,0.04000000000000625,dominant_frequencies,matching_annotaudio_Aditya_2018-08-19_0120-0200_104_hp.WAV,2,multiple
matching_annotaudio_Aditya_2018-08-19_0120-0200_109_hp.WAV,0,1.1099999999999994,dominant_frequencies,matching_annotaudio_Aditya_2018-08-19_0120-0200_109_hp.WAV,1,single
matching_annotaudio_Aditya_2018-08-19_0120-0200_110_hp.WAV,0,,dominant_frequencies,matching_annotaudio_Aditya_2018-08-19_0120-0200_110_hp.WAV,1,single
matching_annotaudio_Aditya_2018-08-19_0120-0200_112_hp.WAV,0,0.18000000000000682,dominant_frequencies,matching_annotaudio_Aditya_2018-08-19_0120-0200_112_hp.WAV,1,single
matching_annotaudio_Aditya_2018-08-19_0120-0200_113_hp.WAV,0,1.0200000000000102,dominant_frequencies,matching_annotaudio_Aditya_2018-08-19_0120-0200_113_hp.WAV,1,single
matching_annotaudio_Aditya_2018-08-19_0120-0200_117_hp.WAV,0,3.780000000000001,dominant_frequencies,matching_annotaudio_Aditya_2018-08-19_0120-0200_117_hp.WAV,2,multiple
matching_annotaudio_Aditya_2018-08-19_0120-0200_119_hp.WAV,0,1.3400000000000034,dominant_frequencies,matching_annotaudio_Aditya_2018-08-19_0120-0200_119_hp.WAV,1,single
matching_annotaudio_Aditya_2018-08-19_0120-0200_120_hp.WAV,0,0.0799999999999983,dominant_frequencies,matching_annotaudio_Aditya_2018-08-19_0120-0200_120_hp.WAV,1,single
matching_annotaudio_Aditya_2018-08-19_0120-0200_124_hp.WAV,0,0.4200000000000017,dominant_frequencies,matching_annotaudio_Aditya_2018-08-19_0120-0200_124_hp.WAV,1,single
matching_annotaudio_Aditya_2018-08-19_0120-0200_128_hp.WAV,0,,dominant_frequencies,matching_annotaudio_Aditya_2018-08-19_0120-0200_128_hp.WAV,1,single
matching_annotaudio_Aditya_2018-08-19_0120-0200_13_hp.WAV,0,1.0499999999999972,dominant_frequencies,matching_annotaudio_Aditya_2018-08-19_0120-0200_13_hp.WAV,1,single
matching_annotaudio_Aditya_2018-08-19_0120-0200_14_hp.WAV,0,1.1600000000000108,dominant_frequencies,matching_annotaudio_Aditya_2018-08-19_0120-0200_14_hp.WAV,1,single
matching_annotaudio_Aditya_2018-08-19_0120-0200_18_hp.WAV,0,1.3599999999999994,dominant_frequencies,matching_annotaudio_Aditya_2018-08-19_0120-0200_18_hp.WAV,1,single
matching_annotaudio_Aditya_2018-08-19_0120-0200_19_hp.WAV,0,1.3599999999999994,dominant_frequencies,matching_annotaudio_Aditya_2018-08-19_0120-0200_19_hp.WAV,1,single
matching_annotaudio_Aditya_2018-08-19_0120-0200_21_hp.WAV,0,0.1799999999999926,dominant_frequencies,matching_annotaudio_Aditya_2018-08-19_0120-0200_21_hp.WAV,1,single
matching_annotaudio_Aditya_2018-08-19_0120-0200_22_hp.WAV,0,1.5600000000000023,dominant_frequencies,matching_annotaudio_Aditya_2018-08-19_0120-0200_22_hp.WAV,1,single
matching_annotaudio_Aditya_2018-08-19_0120-0200_23_hp.WAV,0,2.6400000000000006,dominant_frequencies,matching_annotaudio_Aditya_2018-08-19_0120-0200_23_hp.WAV,1,single
matching_annotaudio_Aditya_2018-08-19_0120-0200_59_hp.WAV,0,0.7800000000000011,dominant_frequencies,matching_annotaudio_Aditya_2018-08-19_0120-0200_59_hp.WAV,1,single
matching_annotaudio_Aditya_2018-08-19_0120-0200_63_hp.WAV,0,1.2199999999999989,dominant_frequencies,matching_annotaudio_Aditya_2018-08-19_0120-0200_63_hp.WAV,1,single
matching_annotaudio_Aditya_2018-08-19_0120-0200_64_hp.WAV,0,0.3200000000000074,dominant_frequencies,matching_annotaudio_Aditya_2018-08-19_0120-0200_64_hp.WAV,1,single
matching_annotaudio_Aditya_2018-08-19_0120-0200_65_hp.WAV,0,0.29999999999999716,dominant_frequencies,matching_annotaudio_Aditya_2018-08-19_0120-0200_65_hp.WAV,1,single
matching_annotaudio_Aditya_2018-08-19_0120-0200_71_hp.WAV,0,3.3800000000000097,dominant_frequencies,matching_annotaudio_Aditya_2018-08-19_0120-0200_71_hp.WAV,2,multiple
matching_annotaudio_Aditya_2018-08-19_0120-0200_72_hp.WAV,0,0.8299999999999983,dominant_frequencies,matching_annotaudio_Aditya_2018-08-19_0120-0200_72_hp.WAV,1,single
matching_annotaudio_Aditya_2018-08-19_0120-0200_73_hp.WAV,0,1.4200000000000017,dominant_frequencies,matching_annotaudio_Aditya_2018-08-19_0120-0200_73_hp.WAV,1,single
matching_annotaudio_Aditya_2018-08-19_0120-0200_74_hp.WAV,0,2.8599999999999994,dominant_frequencies,matching_annotaudio_Aditya_2018-08-19_0120-0200_74_hp.WAV,1,single
matching_annotaudio_Aditya_2018-08-19_0120-0200_79_hp.WAV,0,5.320000000000007,dominant_frequencies,matching_annotaudio_Aditya_2018-08-19_0120-0200_79_hp.WAV,3,multiple
matching_annotaudio_Aditya_2018-08-19_0120-0200_81_hp.WAV,0,0.0799999999999983,dominant_frequencies,matching_annotaudio_Aditya_2018-08-19_0120-0200_81_hp.WAV,1,single
matching_annotaudio_Aditya_2018-08-19_0120-0200_83_hp.WAV,0,0.6099999999999994,dominant_frequencies,matching_annotaudio_Aditya_2018-08-19_0120-0200_83_hp.WAV,1,single
matching_annotaudio_Aditya_2018-08-19_0120-0200_87_hp.WAV,0,7.179999999999993,dominant_frequencies,matching_annotaudio_Aditya_2018-08-19_0120-0200_87_hp.WAV,2,multiple
matching_annotaudio_Aditya_2018-08-19_0120-0200_88_hp.WAV,0,2.8400000000000034,dominant_frequencies,matching_annotaudio_Aditya_2018-08-19_0120-0200_88_hp.WAV,3,multiple
matching_annotaudio_Aditya_2018-08-19_0120-0200_8_hp.WAV,0,1.4399999999999977,dominant_frequencies,matching_annotaudio_Aditya_2018-08-19_0120-0200_8_hp.WAV,1,single
matching_annotaudio_Aditya_2018-08-19_0120-0200_90_hp.WAV,0,3.760000000000005,dominant_frequencies,matching_annotaudio_Aditya_2018-08-19_0120-0200_90_hp.WAV,3,multiple
matching_annotaudio_Aditya_2018-08-19_0120-0200_93_hp.WAV,0,1.3200000000000074,dominant_frequencies,matching_annotaudio_Aditya_2018-08-19_0120-0200_93_hp.WAV,1,single
matching_annotaudio_Aditya_2018-08-19_0120-0200_95_hp.WAV,0,,dominant_frequencies,matching_annotaudio_Aditya_2018-08-19_0120-0200_95_hp.WAV,1,single
matching_annotaudio_Aditya_2018-08-19_0120-0200_96_hp.WAV,0,1.8199999999999932,dominant_frequencies,matching_annotaudio_Aditya_2018-08-19_0120-0200_96_hp.WAV,1,single
matching_annotaudio_Aditya_2018-08-19_23_17_hp.WAV,0,1.3799999999999955,dominant_frequencies,matching_annotaudio_Aditya_2018-08-19_23_17_hp.WAV,1,single
matching_annotaudio_Aditya_2018-08-19_23_18_hp.WAV,0,0.6199999999999903,dominant_frequencies,matching_annotaudio_Aditya_2018-08-19_23_18_hp.WAV,1,single
matching_annotaudio_Aditya_2018-08-19_23_19_hp.WAV,0,2.019999999999996,dominant_frequencies,matching_annotaudio_Aditya_2018-08-19_23_19_hp.WAV,1,single
matching_annotaudio_Aditya_2018-08-19_23_2_hp.WAV,0,0.7599999999999909,dominant_frequencies,matching_annotaudio_Aditya_2018-08-19_23_2_hp.WAV,1,single
matching_annotaudio_Aditya_2018-08-19_23_31_hp.WAV,0,2.5500000000000114,dominant_frequencies,matching_annotaudio_Aditya_2018-08-19_23_31_hp.WAV,2,multiple
matching_annotaudio_Aditya_2018-08-19_23_32_hp.WAV,0,0.25,dominant_frequencies,matching_annotaudio_Aditya_2018-08-19_23_32_hp.WAV,1,single
matching_annotaudio_Aditya_2018-08-19_23_34_hp.WAV,0,,dominant_frequencies,matching_annotaudio_Aditya_2018-08-19_23_34_hp.WAV,2,multiple
matching_annotaudio_Aditya_2018-08-19_23_37_hp.WAV,0,5.070000000000007,dominant_frequencies,matching_annotaudio_Aditya_2018-08-19_23_37_hp.WAV,3,multiple
matching_annotaudio_Aditya_2018-08-19_23_40_hp.WAV,0,0.480000000000004,dominant_frequencies,matching_annotaudio_Aditya_2018-08-19_23_40_hp.WAV,1,single
matching_annotaudio_Aditya_2018-08-19_23_4_hp.WAV,0,6.219999999999999,dominant_frequencies,matching_annotaudio_Aditya_2018-08-19_23_4_hp.WAV,2,multiple
matching_annotaudio_Aditya_2018-08-19_23_5_hp.WAV,0,1.0,dominant_frequencies,matching_annotaudio_Aditya_2018-08-19_23_5_hp.WAV,2,multiple
matching_annotaudio_Aditya_2018-08-20_0200-0300_11_hp.WAV,0,,dominant_frequencies,matching_annotaudio_Aditya_2018-08-20_0200-0300_11_hp.WAV,1,single
matching_annotaudio_Aditya_2018-08-20_0200-0300_16_hp.WAV,0,,dominant_frequencies,matching_annotaudio_Aditya_2018-08-20_0200-0300_16_hp.WAV,1,single
matching_annotaudio_Aditya_2018-08-20_0200-0300_18_hp.WAV,0,4.239999999999995,dominant_frequencies,matching_annotaudio_Aditya_2018-08-20_0200-0300_18_hp.WAV,3,multiple
matching_annotaudio_Aditya_2018-08-20_0200-0300_38_hp.WAV,0,0.0799999999999983,dominant_frequencies,matching_annotaudio_Aditya_2018-08-20_0200-0300_38_hp.WAV,1,single
matching_annotaudio_Aditya_2018-08-20_0200-0300_39_hp.WAV,0,0.05999999999998806,dominant_frequencies,matching_annotaudio_Aditya_2018-08-20_0200-0300_39_hp.WAV,1,single
matching_annotaudio_Aditya_2018-08-20_0200-0300_43_hp.WAV,0,2.4599999999999937,dominant_frequencies,matching_annotaudio_Aditya_2018-08-20_0200-0300_43_hp.WAV,2,multiple
matching_annotaudio_Aditya_2018-08-20_0200-0300_54_hp.WAV,0,,dominant_frequencies,matching_annotaudio_Aditya_2018-08-20_0200-0300_54_hp.WAV,1,single
matching_annotaudio_Aditya_2018-08-20_0200-0300_61_hp.WAV,0,0.060000000000002274,dominant_frequencies,matching_annotaudio_Aditya_2018-08-20_0200-0300_61_hp.WAV,1,single
matching_annotaudio_Aditya_2018-08-20_0200-0300_64_hp.WAV,0,0.5600000000000023,dominant_frequencies,matching_annotaudio_Aditya_2018-08-20_0200-0300_64_hp.WAV,1,single
matching_annotaudio_Aditya_2018-08-20_0200-0300_66_hp.WAV,0,2.019999999999996,dominant_frequencies,matching_annotaudio_Aditya_2018-08-20_0200-0300_66_hp.WAV,2,multiple
matching_annotaudio_Aditya_2018-08-20_0200-0300_73_hp.WAV,0,,dominant_frequencies,matching_annotaudio_Aditya_2018-08-20_0200-0300_73_hp.WAV,2,multiple
matching_annotaudio_Aditya_2018-08-20_0200-0300_76_hp.WAV,0,0.3400000000000034,dominant_frequencies,matching_annotaudio_Aditya_2018-08-20_0200-0300_76_hp.WAV,1,single
matching_annotaudio_Aditya_2018-08-20_0200-0300_78_hp.WAV,0,3.0799999999999983,dominant_frequencies,matching_annotaudio_Aditya_2018-08-20_0200-0300_78_hp.WAV,2,multiple
matching_annotaudio_Aditya_2018-08-20_0200-0300_88_hp.WAV,0,,dominant_frequencies,matching_annotaudio_Aditya_2018-08-20_0200-0300_88_hp.WAV,1,single
matching_annotaudio_Aditya_2018-08-20_0200-0300_91_hp.WAV,0,0.18000000000000682,dominant_frequencies,matching_annotaudio_Aditya_2018-08-20_0200-0300_91_hp.WAV,1,single
matching_annotaudio_Aditya_2018-08-20_0200-0300_92_hp.WAV,0,0.04000000000000625,dominant_frequencies,matching_annotaudio_Aditya_2018-08-20_0200-0300_92_hp.WAV,2,multiple
matching_annotaudio_Aditya_2018-08-20_0300-0400_18_hp.WAV,0,1.5,dominant_frequencies,matching_annotaudio_Aditya_2018-08-20_0300-0400_18_hp.WAV,1,single
matching_annotaudio_Aditya_2018-08-20_0300-0400_19_hp.WAV,0,0.23000000000000398,dominant_frequencies,matching_annotaudio_Aditya_2018-08-20_0300-0400_19_hp.WAV,1,single
matching_annotaudio_Aditya_2018-08-20_0300-0400_35_hp.WAV,0,0.539999999999992,dominant_frequencies,matching_annotaudio_Aditya_2018-08-20_0300-0400_35_hp.WAV,1,single
matching_annotaudio_Aditya_2018-08-20_0300-0400_58_hp.WAV,0,1.7399999999999949,dominant_frequencies,matching_annotaudio_Aditya_2018-08-20_0300-0400_58_hp.WAV,1,single
matching_annotaudio_Aditya_2018-08-20_0300-0400_85_hp.WAV,0,0.6999999999999886,dominant_frequencies,matching_annotaudio_Aditya_2018-08-20_0300-0400_85_hp.WAV,1,single
matching_annotaudio_Aditya_2018-08-20_0300-0400_90_hp.WAV,0,0.8400000000000034,dominant_frequencies,matching_annotaudio_Aditya_2018-08-20_0300-0400_90_hp.WAV,1,single
matching_annotaudio_Aditya_2018-08-20_0300-0400_91_hp.WAV,0,,dominant_frequencies,matching_annotaudio_Aditya_2018-08-20_0300-0400_91_hp.WAV,1,single
matching_annotaudio_Aditya_2018-08-16_21502300_108_hp_singlebatmixed.WAV,0,1.25,dominant_frequencies,matching_annotaudio_Aditya_2018-08-16_21502300_108_hp_singlebatmixed.WAV,2,multiple_virtual
matching_annotaudio_Aditya_2018-08-16_21502300_39_hp_singlebatmixed.WAV,0,2.799999999999997,dominant_frequencies,matching_annotaudio_Aditya_2018-08-16_21502300_39_hp_singlebatmixed.WAV,2,multiple_virtual
matching_annotaudio_Aditya_2018-08-16_21502300_40_hp_singlebatmixed.WAV,0,3.480000000000004,dominant_frequencies,matching_annotaudio_Aditya_2018-08-16_21502300_40_hp_singlebatmixed.WAV,2,multiple_virtual
matching_annotaudio_Aditya_2018-08-16_21502300_43_hp_singlebatmixed.WAV,0,3.039999999999992,dominant_frequencies,matching_annotaudio_Aditya_2018-08-16_21502300_43_hp_singlebatmixed.WAV,2,multiple_virtual
matching_annotaudio_Aditya_2018-08-16_21502300_46_hp_singlebatmixed.WAV,0,3.769999999999996,dominant_frequencies,matching_annotaudio_Aditya_2018-08-16_21502300_46_hp_singlebatmixed.WAV,2,multiple_virtual
matching_annotaudio_Aditya_2018-08-16_21502300_49_hp_singlebatmixed.WAV,0,3.219999999999999,dominant_frequencies,matching_annotaudio_Aditya_2018-08-16_21502300_49_hp_singlebatmixed.WAV,2,multiple_virtual
matching_annotaudio_Aditya_2018-08-16_2324_169_hp_singlebatmixed.WAV,0,0.25,dominant_frequencies,matching_annotaudio_Aditya_2018-08-16_2324_169_hp_singlebatmixed.WAV,2,multiple_virtual
matching_annotaudio_Aditya_2018-08-16_2324_182_hp_singlebatmixed.WAV,0,0.20000000000000284,dominant_frequencies,matching_annotaudio_Aditya_2018-08-16_2324_182_hp_singlebatmixed.WAV,2,multiple_virtual
matching_annotaudio_Aditya_2018-08-16_2324_18_hp_singlebatmixed.WAV,0,3.9399999999999977,dominant_frequencies,matching_annotaudio_Aditya_2018-08-16_2324_18_hp_singlebatmixed.WAV,2,multiple_virtual
matching_annotaudio_Aditya_2018-08-16_2324_207_hp_singlebatmixed.WAV,0,2.8599999999999994,dominant_frequencies,matching_annotaudio_Aditya_2018-08-16_2324_207_hp_singlebatmixed.WAV,2,multiple_virtual
matching_annotaudio_Aditya_2018-08-16_2324_208_hp_singlebatmixed.WAV,0,2.3599999999999994,dominant_frequencies,matching_annotaudio_Aditya_2018-08-16_2324_208_hp_singlebatmixed.WAV,2,multiple_virtual
matching_annotaudio_Aditya_2018-08-16_2324_20_hp_singlebatmixed.WAV,0,1.4200000000000017,dominant_frequencies,matching_annotaudio_Aditya_2018-08-16_2324_20_hp_singlebatmixed.WAV,2,multiple_virtual
matching_annotaudio_Aditya_2018-08-16_2324_218_hp_singlebatmixed.WAV,0,1.0,dominant_frequencies,matching_annotaudio_Aditya_2018-08-16_2324_218_hp_singlebatmixed.WAV,3,multiple_virtual
matching_annotaudio_Aditya_2018-08-16_2324_219_hp_singlebatmixed.WAV,0,3.960000000000008,dominant_frequencies,matching_annotaudio_Aditya_2018-08-16_2324_219_hp_singlebatmixed.WAV,2,multiple_virtual
matching_annotaudio_Aditya_2018-08-16_2324_220_hp_singlebatmixed.WAV,0,4.140000000000001,dominant_frequencies,matching_annotaudio_Aditya_2018-08-16_2324_220_hp_singlebatmixed.WAV,3,multiple_virtual
matching_annotaudio_Aditya_2018-08-16_2324_221_hp_singlebatmixed.WAV,0,2.719999999999999,dominant_frequencies,matching_annotaudio_Aditya_2018-08-16_2324_221_hp_singlebatmixed.WAV,2,multiple_virtual
matching_annotaudio_Aditya_2018-08-16_2324_223_hp_singlebatmixed.WAV,0,1.1799999999999926,dominant_frequencies,matching_annotaudio_Aditya_2018-08-16_2324_223_hp_singlebatmixed.WAV,2,multiple_virtual
matching_annotaudio_Aditya_2018-08-16_2324_228_hp_singlebatmixed.WAV,0,4.460000000000008,dominant_frequencies,matching_annotaudio_Aditya_2018-08-16_2324_228_hp_singlebatmixed.WAV,2,multiple_virtual
matching_annotaudio_Aditya_2018-08-16_2324_229_hp_singlebatmixed.WAV,0,2.1799999999999926,dominant_frequencies,matching_annotaudio_Aditya_2018-08-16_2324_229_hp_singlebatmixed.WAV,2,multiple_virtual
matching_annotaudio_Aditya_2018-08-16_2324_22_hp_singlebatmixed.WAV,0,0.7800000000000011,dominant_frequencies,matching_annotaudio_Aditya_2018-08-16_2324_22_hp_singlebatmixed.WAV,2,multiple_virtual
matching_annotaudio_Aditya_2018-08-16_2324_23_hp_singlebatmixed.WAV,0,0.6400000000000006,dominant_frequencies,matching_annotaudio_Aditya_2018-08-16_2324_23_hp_singlebatmixed.WAV,2,multiple_virtual
matching_annotaudio_Aditya_2018-08-16_2324_26_hp_singlebatmixed.WAV,0,3.4399999999999977,dominant_frequencies,matching_annotaudio_Aditya_2018-08-16_2324_26_hp_singlebatmixed.WAV,2,multiple_virtual
matching_annotaudio_Aditya_2018-08-16_2324_28_hp_singlebatmixed.WAV,0,0.23999999999999488,dominant_frequencies,matching_annotaudio_Aditya_2018-08-16_2324_28_hp_singlebatmixed.WAV,2,multiple_virtual
matching_annotaudio_Aditya_2018-08-16_2324_31_hp_singlebatmixed.WAV,0,2.760000000000005,dominant_frequencies,matching_annotaudio_Aditya_2018-08-16_2324_31_hp_singlebatmixed.WAV,2,multiple_virtual
matching_annotaudio_Aditya_2018-08-16_2324_41_hp_singlebatmixed.WAV,0,0.3100000000000023,dominant_frequencies,matching_annotaudio_Aditya_2018-08-16_2324_41_hp_singlebatmixed.WAV,2,multiple_virtual
matching_annotaudio_Aditya_2018-08-16_2324_49_hp_singlebatmixed.WAV,0,5.780000000000001,dominant_frequencies,matching_annotaudio_Aditya_2018-08-16_2324_49_hp_singlebatmixed.WAV,3,multiple_virtual
matching_annotaudio_Aditya_2018-08-16_2324_52_hp_singlebatmixed.WAV,0,0.21999999999999886,dominant_frequencies,matching_annotaudio_Aditya_2018-08-16_2324_52_hp_singlebatmixed.WAV,2,multiple_virtual
matching_annotaudio_Aditya_2018-08-16_2324_59_hp_singlebatmixed.WAV,0,3.0400000000000063,dominant_frequencies,matching_annotaudio_Aditya_2018-08-16_2324_59_hp_singlebatmixed.WAV,3,multiple_virtual
matching_annotaudio_Aditya_2018-08-16_2324_7_hp_singlebatmixed.WAV,0,2.4299999999999926,dominant_frequencies,matching_annotaudio_Aditya_2018-08-16_2324_7_hp_singlebatmixed.WAV,2,multiple_virtual
matching_annotaudio_Aditya_2018-08-17_01_24_hp_singlebatmixed.WAV,0,2.530000000000001,dominant_frequencies,matching_annotaudio_Aditya_2018-08-17_01_24_hp_singlebatmixed.WAV,2,multiple_virtual
matching_annotaudio_Aditya_2018-08-17_01_28_hp_singlebatmixed.WAV,0,5.980000000000004,dominant_frequencies,matching_annotaudio_Aditya_2018-08-17_01_28_hp_singlebatmixed.WAV,4,multiple_virtual
matching_annotaudio_Aditya_2018-08-17_01_30_hp_singlebatmixed.WAV,0,1.5999999999999943,dominant_frequencies,matching_annotaudio_Aditya_2018-08-17_01_30_hp_singlebatmixed.WAV,2,multiple_virtual
matching_annotaudio_Aditya_2018-08-17_01_44_hp_singlebatmixed.WAV,0,4.260000000000005,dominant_frequencies,matching_annotaudio_Aditya_2018-08-17_01_44_hp_singlebatmixed.WAV,2,multiple_virtual
matching_annotaudio_Aditya_2018-08-17_01_47_hp_singlebatmixed.WAV,0,5.920000000000002,dominant_frequencies,matching_annotaudio_Aditya_2018-08-17_01_47_hp_singlebatmixed.WAV,2,multiple_virtual
matching_annotaudio_Aditya_2018-08-17_01_75_hp_singlebatmixed.WAV,0,3.980000000000004,dominant_frequencies,matching_annotaudio_Aditya_2018-08-17_01_75_hp_singlebatmixed.WAV,2,multiple_virtual
matching_annotaudio_Aditya_2018-08-17_23_115_hp_singlebatmixed.WAV,0,4.0,dominant_frequencies,matching_annotaudio_Aditya_2018-08-17_23_115_hp_singlebatmixed.WAV,3,multiple_virtual
matching_annotaudio_Aditya_2018-08-17_23_137_hp_singlebatmixed.WAV,0,1.2600000000000051,dominant_frequencies,matching_annotaudio_Aditya_2018-08-17_23_137_hp_singlebatmixed.WAV,2,multiple_virtual
matching_annotaudio_Aditya_2018-08-17_23_157_hp_singlebatmixed.WAV,0,2.1200000000000045,dominant_frequencies,matching_annotaudio_Aditya_2018-08-17_23_157_hp_singlebatmixed.WAV,2,multiple_virtual
matching_annotaudio_Aditya_2018-08-17_23_170_hp_singlebatmixed.WAV,0,2.530000000000001,dominant_frequencies,matching_annotaudio_Aditya_2018-08-17_23_170_hp_singlebatmixed.WAV,2,multiple_virtual
matching_annotaudio_Aditya_2018-08-17_23_172_hp_singlebatmixed.WAV,0,2.799999999999997,dominant_frequencies,matching_annotaudio_Aditya_2018-08-17_23_172_hp_singlebatmixed.WAV,2,multiple_virtual
matching_annotaudio_Aditya_2018-08-17_23_192_hp_singlebatmixed.WAV,0,4.579999999999998,dominant_frequencies,matching_annotaudio_Aditya_2018-08-17_23_192_hp_singlebatmixed.WAV,3,multiple_virtual
matching_annotaudio_Aditya_2018-08-17_23_196_hp_singlebatmixed.WAV,0,1.0499999999999972,dominant_frequencies,matching_annotaudio_Aditya_2018-08-17_23_196_hp_singlebatmixed.WAV,2,multiple_virtual
matching_annotaudio_Aditya_2018-08-17_23_56_hp_singlebatmixed.WAV,0,7.549999999999997,dominant_frequencies,matching_annotaudio_Aditya_2018-08-17_23_56_hp_singlebatmixed.WAV,2,multiple_virtual
matching_annotaudio_Aditya_2018-08-17_23_65_hp_singlebatmixed.WAV,0,0.28999999999999204,dominant_frequencies,matching_annotaudio_Aditya_2018-08-17_23_65_hp_singlebatmixed.WAV,2,multiple_virtual
matching_annotaudio_Aditya_2018-08-17_23_69_hp_singlebatmixed.WAV,0,4.140000000000001,dominant_frequencies,matching_annotaudio_Aditya_2018-08-17_23_69_hp_singlebatmixed.WAV,3,multiple_virtual
matching_annotaudio_Aditya_2018-08-17_23_71_hp_singlebatmixed.WAV,0,6.4199999999999875,dominant_frequencies,matching_annotaudio_Aditya_2018-08-17_23_71_hp_singlebatmixed.WAV,4,multiple_virtual
matching_annotaudio_Aditya_2018-08-17_23_72_hp_singlebatmixed.WAV,0,1.8799999999999955,dominant_frequencies,matching_annotaudio_Aditya_2018-08-17_23_72_hp_singlebatmixed.WAV,2,multiple_virtual
matching_annotaudio_Aditya_2018-08-17_23_78_hp_singlebatmixed.WAV,0,3.1599999999999966,dominant_frequencies,matching_annotaudio_Aditya_2018-08-17_23_78_hp_singlebatmixed.WAV,3,multiple_virtual
matching_annotaudio_Aditya_2018-08-17_34_136_hp_singlebatmixed.WAV,0,5.8799999999999955,dominant_frequencies,matching_annotaudio_Aditya_2018-08-17_34_136_hp_singlebatmixed.WAV,2,multiple_virtual
matching_annotaudio_Aditya_2018-08-17_34_137_hp_singlebatmixed.WAV,0,0.8599999999999994,dominant_frequencies,matching_annotaudio_Aditya_2018-08-17_34_137_hp_singlebatmixed.WAV,2,multiple_virtual
matching_annotaudio_Aditya_2018-08-17_34_156_hp_singlebatmixed.WAV,0,3.230000000000004,dominant_frequencies,matching_annotaudio_Aditya_2018-08-17_34_156_hp_singlebatmixed.WAV,4,multiple_virtual
matching_annotaudio_Aditya_2018-08-17_34_158_hp_singlebatmixed.WAV,0,1.480000000000004,dominant_frequencies,matching_annotaudio_Aditya_2018-08-17_34_158_hp_singlebatmixed.WAV,2,multiple_virtual
matching_annotaudio_Aditya_2018-08-17_34_23_hp_singlebatmixed.WAV,0,0.6199999999999903,dominant_frequencies,matching_annotaudio_Aditya_2018-08-17_34_23_hp_singlebatmixed.WAV,2,multiple_virtual
matching_annotaudio_Aditya_2018-08-17_34_32_hp_singlebatmixed.WAV,0,6.6000000000000085,dominant_frequencies,matching_annotaudio_Aditya_2018-08-17_34_32_hp_singlebatmixed.WAV,2,multiple_virtual
matching_annotaudio_Aditya_2018-08-17_34_35_hp_singlebatmixed.WAV,0,1.9200000000000017,dominant_frequencies,matching_annotaudio_Aditya_2018-08-17_34_35_hp_singlebatmixed.WAV,2,multiple_virtual
matching_annotaudio_Aditya_2018-08-17_34_38_hp_singlebatmixed.WAV,0,1.7399999999999949,dominant_frequencies,matching_annotaudio_Aditya_2018-08-17_34_38_hp_singlebatmixed.WAV,2,multiple_virtual
matching_annotaudio_Aditya_2018-08-17_34_4_hp_singlebatmixed.WAV,0,4.439999999999998,dominant_frequencies,matching_annotaudio_Aditya_2018-08-17_34_4_hp_singlebatmixed.WAV,2,multiple_virtual
matching_annotaudio_Aditya_2018-08-17_34_65_hp_singlebatmixed.WAV,0,1.5600000000000023,dominant_frequencies,matching_annotaudio_Aditya_2018-08-17_34_65_hp_singlebatmixed.WAV,2,multiple_virtual
matching_annotaudio_Aditya_2018-08-17_34_72_hp_singlebatmixed.WAV,0,1.3500000000000085,dominant_frequencies,matching_annotaudio_Aditya_2018-08-17_34_72_hp_singlebatmixed.WAV,2,multiple_virtual
matching_annotaudio_Aditya_2018-08-17_34_81_hp_singlebatmixed.WAV,0,,dominant_frequencies,matching_annotaudio_Aditya_2018-08-17_34_81_hp_singlebatmixed.WAV,2,multiple_virtual
matching_annotaudio_Aditya_2018-08-17_45_116_hp_singlebatmixed.WAV,0,3.480000000000004,dominant_frequencies,matching_annotaudio_Aditya_2018-08-17_45_116_hp_singlebatmixed.WAV,2,multiple_virtual
matching_annotaudio_Aditya_2018-08-17_45_117_hp_singlebatmixed.WAV,0,5.640000000000001,dominant_frequencies,matching_annotaudio_Aditya_2018-08-17_45_117_hp_singlebatmixed.WAV,3,multiple_virtual
matching_annotaudio_Aditya_2018-08-17_45_164_hp_singlebatmixed.WAV,0,2.0600000000000023,dominant_frequencies,matching_annotaudio_Aditya_2018-08-17_45_164_hp_singlebatmixed.WAV,2,multiple_virtual
matching_annotaudio_Aditya_2018-08-17_45_185_hp_singlebatmixed.WAV,0,2.4199999999999875,dominant_frequencies,matching_annotaudio_Aditya_2018-08-17_45_185_hp_singlebatmixed.WAV,2,multiple_virtual
matching_annotaudio_Aditya_2018-08-17_45_231_hp_singlebatmixed.WAV,0,1.3399999999999892,dominant_frequencies,matching_annotaudio_Aditya_2018-08-17_45_231_hp_singlebatmixed.WAV,2,multiple_virtual
matching_annotaudio_Aditya_2018-08-17_56_11_hp_singlebatmixed.WAV,0,6.200000000000003,dominant_frequencies,matching_annotaudio_Aditya_2018-08-17_56_11_hp_singlebatmixed.WAV,4,multiple_virtual
matching_annotaudio_Aditya_2018-08-17_56_23_hp_singlebatmixed.WAV,0,3.6400000000000006,dominant_frequencies,matching_annotaudio_Aditya_2018-08-17_56_23_hp_singlebatmixed.WAV,3,multiple_virtual
matching_annotaudio_Aditya_2018-08-17_56_31_hp_singlebatmixed.WAV,0,1.6999999999999886,dominant_frequencies,matching_annotaudio_Aditya_2018-08-17_56_31_hp_singlebatmixed.WAV,2,multiple_virtual
matching_annotaudio_Aditya_2018-08-17_56_58_hp_singlebatmixed.WAV,0,1.789999999999992,dominant_frequencies,matching_annotaudio_Aditya_2018-08-17_56_58_hp_singlebatmixed.WAV,3,multiple_virtual
matching_annotaudio_Aditya_2018-08-19_0120-0200_104_hp_singlebatmixed.WAV,0,1.3400000000000034,dominant_frequencies,matching_annotaudio_Aditya_2018-08-19_0120-0200_104_hp_singlebatmixed.WAV,2,multiple_virtual
matching_annotaudio_Aditya_2018-08-19_0120-0200_71_hp_singlebatmixed.WAV,0,3.780000000000001,dominant_frequencies,matching_annotaudio_Aditya_2018-08-19_0120-0200_71_hp_singlebatmixed.WAV,2,multiple_virtual
matching_annotaudio_Aditya_2018-08-19_0120-0200_79_hp_singlebatmixed.WAV,0,4.569999999999993,dominant_frequencies,matching_annotaudio_Aditya_2018-08-19_0120-0200_79_hp_singlebatmixed.WAV,3,multiple_virtual
matching_annotaudio_Aditya_2018-08-19_23_31_hp_singlebatmixed.WAV,0,2.5200000000000102,dominant_frequencies,matching_annotaudio_Aditya_2018-08-19_23_31_hp_singlebatmixed.WAV,2,multiple_virtual
matching_annotaudio_Aditya_2018-08-19_23_34_hp_singlebatmixed.WAV,0,2.719999999999999,dominant_frequencies,matching_annotaudio_Aditya_2018-08-19_23_34_hp_singlebatmixed.WAV,2,multiple_virtual
matching_annotaudio_Aditya_2018-08-19_23_37_hp_singlebatmixed.WAV,0,2.5400000000000063,dominant_frequencies,matching_annotaudio_Aditya_2018-08-19_23_37_hp_singlebatmixed.WAV,3,multiple_virtual
matching_annotaudio_Aditya_2018-08-19_23_4_hp_singlebatmixed.WAV,0,1.6999999999999886,dominant_frequencies,matching_annotaudio_Aditya_2018-08-19_23_4_hp_singlebatmixed.WAV,2,multiple_virtual
matching_annotaudio_Aditya_2018-08-20_0200-0300_18_hp_singlebatmixed.WAV,0,4.780000000000001,dominant_frequencies,matching_annotaudio_Aditya_2018-08-20_0200-0300_18_hp_singlebatmixed.WAV,3,multiple_virtual
matching_annotaudio_Aditya_2018-08-20_0200-0300_43_hp_singlebatmixed.WAV,0,2.719999999999999,dominant_frequencies,matching_annotaudio_Aditya_2018-08-20_0200-0300_43_hp_singlebatmixed.WAV,2,multiple_virtual
matching_annotaudio_Aditya_2018-08-20_0200-0300_66_hp_singlebatmixed.WAV,0,5.1200000000000045,dominant_frequencies,matching_annotaudio_Aditya_2018-08-20_0200-0300_66_hp_singlebatmixed.WAV,2,multiple_virtual
matching_annotaudio_Aditya_2018-08-20_0200-0300_73_hp_singlebatmixed.WAV,0,3.3899999999999864,dominant_frequencies,matching_annotaudio_Aditya_2018-08-20_0200-0300_73_hp_singlebatmixed.WAV,2,multiple_virtual
matching_annotaudio_Aditya_2018-08-20_0200-0300_78_hp_singlebatmixed.WAV,0,2.6099999999999994,dominant_frequencies,matching_annotaudio_Aditya_2018-08-20_0200-0300_78_hp_singlebatmixed.WAV,2,multiple_virtual
matching_annotaudio_Aditya_2018-08-20_0200-0300_7_hp_singlebatmixed.WAV,0,1.6700000000000017,dominant_frequencies,matching_annotaudio_Aditya_2018-08-20_0200-0300_7_hp_singlebatmixed.WAV,2,multiple_virtual
matching_annotaudio_Aditya_2018-08-20_0200-0300_92_hp_singlebatmixed.WAV,0,6.159999999999997,dominant_frequencies,matching_annotaudio_Aditya_2018-08-20_0200-0300_92_hp_singlebatmixed.WAV,2,multiple_virtual
